Variable / Field Name,Section Header,Form Name,Form Display Name,Form Note,Field Type,multipleChoice,Field Label,"Choices, Calculations, OR Slider Labels",minVal,maxVal,Branching Logic (Show field only if...),schedule
prequestion1,Pre-questionnaire:,pre_questionnaire,Pre-Questionnaire,Pre-assessment questions,radio,,What is your gender?,"1, male | 2, female | 3, other",,,,pre_questionnaire
prequestion2,Pre-questionnaire:,pre_questionnaire,Pre-Questionnaire,Pre-assessment questions,radio,,Do you have a social media account?,"0, No | 1, Yes",,,,pre_questionnaire
prequestion3,Pre-questionnaire:,pre_questionnaire,Pre-Questionnaire,Pre-assessment questions,radio,1,What social media accounts do you use?,"1, Twitter | 2, Instagram | 3, Facebook | 4, Snapchat | 5, other",,,,pre_questionnaire
Morning1,Sleep:,morning_set,EMA Assessment (Morning),A morning questionnaire,dropdown,,About what time did you go to bed last night (regardless of the time you actually fell asleep)?,"1, before 7:00pm | 2, 7:00pm | 3, 7:15pm | 4, 7:30pm | 5, 7:45pm | 6, 8:00pm | 7, 8:15pm | 8, 8:30pm | 9, 8:45pm | 10, 9:00pm | 11, 9:15pm | 12, 9:30pm | 13, 9:45pm | 14, 10:00pm | 15, 10:15pm | 16, 10:30pm | 17, 10:45pm | 18, 11:00pm | 19, 11:15pm | 20, 11:30pm | 21, 11:45pm | 22, 12:00am| 23, 12:15am | 24, 12:30am | 25, 12:45am | 26, 1:00am | 27, 1:15am | 28, 1:30am | 29, 1:45am | 30, 2:00am | 31, 2:15am | 32, 2:30am | 33, 2:45am | 34, 3:00am | 35, 3:15am | 36, 3:30am | 37, 3:45am | 38, 4:00am | 39, 4:15am | 40, 4:30am | 41, 4:45am | 42, 5:00am | 43, 5:15am | 44, 5:30am | 45, 5:45am | 46, 6:00am | 47, 6:15am | 48, 6:30am | 49, 6:45am | 50, 7:00am | 51, after 7:00am",,,,morning_questions
Morning2,Sleep:,morning_set,EMA Assessment (Morning),A morning questionnaire,dropdown,,"What time did you turn off the lights (including TV, phone, tablets)?","1, before 7:00pm | 2, 7:00pm | 3, 7:15pm | 4, 7:30pm | 5, 7:45pm | 6, 8:00pm | 7, 8:15pm | 8, 8:30pm | 9, 8:45pm | 10, 9:00pm | 11, 9:15pm | 12, 9:30pm | 13, 9:45pm | 14, 10:00pm | 15, 10:15pm | 16, 10:30pm | 17, 10:45pm | 18, 11:00pm | 19, 11:15pm | 20, 11:30pm | 21, 11:45pm | 22, 12:00am| 23, 12:15am | 24, 12:30am | 25, 12:45am | 26, 1:00am | 27, 1:15am | 28, 1:30am | 29, 1:45am | 30, 2:00am | 31, 2:15am | 32, 2:30am | 33, 2:45am | 34, 3:00am | 35, 3:15am | 36, 3:30am | 37, 3:45am | 38, 4:00am | 39, 4:15am | 40, 4:30am | 41, 4:45am | 42, 5:00am | 43, 5:15am | 44, 5:30am | 45, 5:45am | 46, 6:00am | 47, 6:15am | 48, 6:30am | 49, 6:45am | 50, 7:00am | 51, after 7:00am",,,,morning_questions
Morning3,Sleep:,morning_set,EMA Assessment (Morning),A morning questionnaire,dropdown,,What time did you close your eyes to try to go to sleep?,"1, before 7:00pm | 2, 7:00pm | 3, 7:15pm | 4, 7:30pm | 5, 7:45pm | 6, 8:00pm | 7, 8:15pm | 8, 8:30pm | 9, 8:45pm | 10, 9:00pm | 11, 9:15pm | 12, 9:30pm | 13, 9:45pm | 14, 10:00pm | 15, 10:15pm | 16, 10:30pm | 17, 10:45pm | 18, 11:00pm | 19, 11:15pm | 20, 11:30pm | 21, 11:45pm | 22, 12:00am| 23, 12:15am | 24, 12:30am | 25, 12:45am | 26, 1:00am | 27, 1:15am | 28, 1:30am | 29, 1:45am | 30, 2:00am | 31, 2:15am | 32, 2:30am | 33, 2:45am | 34, 3:00am | 35, 3:15am | 36, 3:30am | 37, 3:45am | 38, 4:00am | 39, 4:15am | 40, 4:30am | 41, 4:45am | 42, 5:00am | 43, 5:15am | 44, 5:30am | 45, 5:45am | 46, 6:00am | 47, 6:15am | 48, 6:30am | 49, 6:45am | 50, 7:00am | 51, after 7:00am",,,,morning_questions
Morning4,Sleep:,morning_set,EMA Assessment (Morning),A morning questionnaire,dropdown,,How long did it take you to fall asleep?,"1, less than 5min | 2, 5min | 3, 10min | 4, 15min | 5, 20min | 6, 30min | 7, 40min | 8, 50min | 9, 1hr | 10, 1hr 15min | 11, 1hr 30min | 12, 1hr 45min | 13, 2hr | 14, more than 2hrs",,,,morning_questions
Morning5,Sleep:,morning_set,EMA Assessment (Morning),A morning questionnaire,radio,,"How many times did you wake up in the night, not counting your final awakening?","1, none |2, once | 3, twice | 4, 3 or more times",,,,morning_questions
Morning6,Sleep:,morning_set,EMA Assessment (Morning),A morning questionnaire,dropdown,,What time did you wake up this morning?,"1, before 3:00am | 2, 3:00am | 3, 3:15am | 4, 3:30am | 5, 3:45am | 6, 4:00am | 7, 4:15am | 8, 4:30am | 9, 4:45am | 10, 5:00am | 11, 5:15am | 12, 5:30am | 13, 5:45am | 14, 6:00am | 15, 6:15am | 16, 6:30am | 17, 6:45am | 18, 7:00am | 19, 7:15am | 20, 7:30am | 21, 7:45am |22, 8:00am | 23, 8:15am | 24, 8:30am | 25, 8:45am | 26, 9:00am | 27, 9:15am | 28, 9:30am | 29, 9:45am | 30, 10:00am | 31, 10:15am | 32, 10:30am | 33, 10:45am | 34, 11:00am | 35, 11:15am | 36, 11:30am | 37, 11:45am | 38, 12:00pm| 39, 12:15pm | 40, 12:30pm | 41, 12:45pm | 42, 1:00pm | 43, 1:15pm | 44, 1:30pm | 45, 1:45pm | 46, 2:00pm | 47, 2:15pm | 48, 2:30pm | 49, 2:45pm | 50, 3:00pm | 51, after 3:00pm",,,,morning_questions
Morning7,Sleep:,morning_set,EMA Assessment (Morning),A morning questionnaire,dropdown,,What time did you get out of bed for the day?,"1, before 3:00am | 2, 3:00am | 3, 3:15am | 4, 3:30am | 5, 3:45am | 6, 4:00am | 7, 4:15am | 8, 4:30am | 9, 4:45am | 10, 5:00am | 11, 5:15am | 12, 5:30am | 13, 5:45am | 14, 6:00am | 15, 6:15am | 16, 6:30am | 17, 6:45am | 18, 7:00am | 19, 7:15am | 20, 7:30am | 21, 7:45am |22, 8:00am | 23, 8:15am | 24, 8:30am | 25, 8:45am | 26, 9:00am | 27, 9:15am | 28, 9:30am | 29, 9:45am | 30, 10:00am | 31, 10:15am | 32, 10:30am | 33, 10:45am | 34, 11:00am | 35, 11:15am | 36, 11:30am | 37, 11:45am | 38, 12:00pm| 39, 12:15pm | 40, 12:30pm | 41, 12:45pm | 42, 1:00pm | 43, 1:15pm | 44, 1:30pm | 45, 1:45pm | 46, 2:00pm | 47, 2:15pm | 48, 2:30pm | 49, 2:45pm | 50, 3:00pm | 51, after 3:00pm",,,,morning_questions
Morning8,Sleep:,morning_set,EMA Assessment (Morning),A morning questionnaire,dropdown,,About how many hours did you actually sleep?,"1, less than 30min | 2, 30min | 3, 1hr | 4, 1.5hr | 5, 2hr | 6, 2.5hr | 7, 3hr | 8, 3.5hr | 9, 4hr | 10, 4.5hr | 11, 5hr | 12, 5.5hr | 13, 6hr | 14, 6.5hr | 15, 7hr | 16, 7.5hr | 17, 8hr | 18, 8.5hr | 19, 9hr | 20, 9.5hr | 21, 10hr | 22, 10.5hr | 23, 11hr | 24, 11.5hr | 25, 12hr | 26, 12.5hr | 27, 13hr | 28, 13.5hr | 29, 14hr | 30, 14.5hr | 31, 15hr | 32, 15.5hr | 33, 16hr | 34, more than 16hrs",,,,morning_questions
Morning9,Sleep:,morning_set,EMA Assessment (Morning),A morning questionnaire,slider,,How would you rate the quality of your sleep?,"1, 1 | 2, 2 | 3, 3 | 4, 4 | 5, 5",very poor,very good,,morning_questions
Morning10,Sleep:,morning_set,EMA Assessment (Morning),A morning questionnaire,slider,,How refreshed did you feel when you woke up?,"1, 1 | 2, 2 | 3, 3 | 4, 4 | 5, 5 | 6, 6 | 7, 7",not at all refreshed,fully refreshed,,morning_questions
Morning11,Sleep:,morning_set,EMA Assessment (Morning),A morning questionnaire,radio,1,Which (if any) of the following sleep problems did you have last night?,"1, difficulty falling asleep | 2, awakening during the night | 3, awakening too early | 4, feeling unrefreshed or unrestored despite enough hours of sleep | 5, nightmares | 6, sleep walking  | 7, other sleep problem | 8, no sleep problem",,,,morning_questions
Morning11a,Sleep:,morning_set,EMA Assessment (Morning),A morning questionnaire,radio,1,Were the sleep problems due to:,"1, noise or other disturbances | 2, pain | 3, worry | 4, other thoughts | 5, other reason",,,[Morning11] < 8,morning_questions
Morning12,Sleep:,morning_set,EMA Assessment (Morning),A morning questionnaire,radio,,Did you take sleeping pills or anything else to help you sleep last night?,"0, No | 1, Yes",,,,morning_questions
Internet_mn1,Internet & Social Media:,morning_set,EMA Assessment (Morning),A morning questionnaire,radio,,Were you using your social media accounts after bedtime?,"0, No | 1, Yes",,,,morning_questions
Internet_mn2,Internet & Social Media:,morning_set,EMA Assessment (Morning),A morning questionnaire,radio,,Did your use of social media impact your ability to fall asleep last night,"0, No | 1, Yes",,,,morning_questions
Context1,Context:,morning_set,EMA Assessment (Morning),A morning questionnaire,radio,,Have you taken your activity monitor off since the last assessment?,"0, No | 1, Yes",,,,all_day_questions
Context1a,Context:,morning_set,EMA Assessment (Morning),A morning questionnaire,timeRange,,When did you take it off and put it back on?,,,,[Context1] = 1,all_day_questions
Context2,Context:,morning_set,EMA Assessment (Morning),A morning questionnaire,radio,,Where are you right now?,"1, In my home | 2, in home of relative or friend | 3, at work or in class | 4, in a restaurant/café/bar | 5, in a store or shop | 6, in the gym or fitness center | 7, in a hospital or doctor’s office | 8, in a vehicle (car/bus…) | 9, in a public building | 10, in a park or garden | 11, other place inside | 12, other place outside",,,,all_day_questions
Context3,Context:,morning_set,EMA Assessment (Morning),A morning questionnaire,radio,1,Which places have you been since the last assessment?,"1, In my home | 2, in home of relative or friend | 3, at work or in class | 4, in a restaurant/café/bar | 5, in a store or shop | 6, in the gym or fitness center | 7, in a hospital or doctor’s office | 8, in a vehicle (car/bus…) | 9, in a public building | 10, in a park or garden | 11, other place inside | 12, other place outside",,,,all_day_questions
Context4,Context:,morning_set,EMA Assessment (Morning),A morning questionnaire,radio,1,Who is with you at this moment?,"1, no one | 2, family member | 3, partner/boyfriend/girlfriend | 4, friend | 5, colleague or classmate | 6, stranger | 7, a pet | 8, other",,,,all_day_questions
Context5,Context:,morning_set,EMA Assessment (Morning),A morning questionnaire,radio,1,Who have you been with since the last assessment?,"1, no one | 2, family member | 3, partner/boyfriend/girlfriend | 4, friend | 5, colleague or classmate | 6, stranger | 7, a pet | 8, other",,,,all_day_questions
Context6,Context:,morning_set,EMA Assessment (Morning),A morning questionnaire,radio,,What are you doing at this moment?,"1, nothing or waiting | 2, napping/resting | 3, eating | 4, household chores | 5, working (paid or volunteer) | 6, homework | 7, shopping | 8, personal hygiene care | 9, physical leisure or sports | 10, personal exercise | 11, walking the dog | 12, traveling or commuting | 13, watching tv | 14, reading | 15, listening to music | 16, using a computer/electronic device | 17, talking on the phone | 18, talking in person | 19, texting by phone | 20, other nonphysical leisure | 21, other activity",,,,all_day_questions
Context7,Context:,morning_set,EMA Assessment (Morning),A morning questionnaire,radio,1,Which of these activities have you done since the last assessment?,"1, nothing or waiting | 2, napping/resting | 3, eating | 4, household chores | 5, working (paid or volunteer) | 6, homework | 7, shopping | 8, personal hygiene care | 9, physical leisure or sports | 10, personal exercise | 11, walking the dog | 12, traveling or commuting | 13, watching tv | 14, reading | 15, listening to music | 16, using a computer/electronic device | 17, talking on the phone | 18, talking in person | 19, texting by phone | 20, other nonphysical leisure | 21, other activity",,,,all_day_questions
Mood1,Mood:,morning_set,EMA Assessment (Morning),A morning questionnaire,slider,,How happy versus sad do you feel right now?,"1, 1 | 2, 2 | 3, 3 | 4, 4 | 5, 5 | 6, 6 | 7, 7",very/sad/depressed/unhappy,very cheerful/happy,,all_day_questions
Mood2,Mood:,morning_set,EMA Assessment (Morning),A morning questionnaire,slider,,How happy do you feel right now?,"1, 1 | 2, 2 | 3, 3 | 4, 4 | 5, 5 | 6, 6 | 7, 7",no emotion,very cheerful/happy,,all_day_questions
Mood3,Mood:,morning_set,EMA Assessment (Morning),A morning questionnaire,slider,,How sad do you feel right now?,"1, 1 | 2, 2 | 3, 3 | 4, 4 | 5, 5 | 6, 6 | 7, 7",no emotion,very sad/depressed/unhappy,,all_day_questions
Mood4,Mood:,morning_set,EMA Assessment (Morning),A morning questionnaire,slider,,How relaxed versus anxious do you feel right now?,"1, 1 | 2, 2 | 3, 3 | 4, 4 | 5, 5 | 6, 6 | 7, 7",very relaxed/calm,very nervous/anxious,,all_day_questions
Mood5,Mood:,morning_set,EMA Assessment (Morning),A morning questionnaire,slider,,How calm vs. excited do you feel right now?,"1, 1 | 2, 2 | 3, 3 | 4, 4 | 5, 5 | 6, 6 | 7, 7",calm/quiet,very excited/aroused,,all_day_questions
Mood6,Mood:,morning_set,EMA Assessment (Morning),A morning questionnaire,slider,,How tired vs. energetic do you feel right now?,"1, 1 | 2, 2 | 3, 3 | 4, 4 | 5, 5 | 6, 6 | 7, 7",very tired/sluggish,very energetic/lively,,all_day_questions
Mood7,Mood:,morning_set,EMA Assessment (Morning),A morning questionnaire,slider,,How well can you concentrate or focus right now?,"1, 1 | 2, 2 | 3, 3 | 4, 4 | 5, 5 | 6, 6 | 7, 7",very focused/attentive,very unfocused/distracted,,all_day_questions
Mood8,Mood:,morning_set,EMA Assessment (Morning),A morning questionnaire,slider,,How irritable or easily angered do you feel right now?,"1, 1 | 2, 2 | 3, 3 | 4, 4 | 5, 5 | 6, 6 | 7, 7",not at all irritable/angry,very irritable/angry,,all_day_questions
Mood9,Mood:,morning_set,EMA Assessment (Morning),A morning questionnaire,slider,,Do you feel worried right now?,"1, 1 | 2, 2 | 3, 3 | 4, 4 | 5, 5 | 6, 6 | 7, 7",not at all worried,very worried,,all_day_questions
Mood10,Mood:,morning_set,EMA Assessment (Morning),A morning questionnaire,slider,,Do you feel guilty right now?,"1, 1 | 2, 2 | 3, 3 | 4, 4 | 5, 5 | 6, 6 | 7, 7",not at all guilty,very guilty,,all_day_questions
Mood11,Mood:,morning_set,EMA Assessment (Morning),A morning questionnaire,slider,,How well can you make decisions right now?,"1, 1 | 2, 2 | 3, 3 | 4, 4 | 5, 5 | 6, 6 | 7, 7",not at all/very indecisive,very well/very decisve,,all_day_questions
Mood12,Mood:,morning_set,EMA Assessment (Morning),A morning questionnaire,slider,,How quick is your thinking?,"1, 1 | 2, 2 | 3, 3 | 4, 4 | 5, 5 | 6, 6 | 7, 7",slow/cannot think of things,very quick/lots of ideas,,all_day_questions
Mood13,Mood:,morning_set,EMA Assessment (Morning),A morning questionnaire,slider,,How much are you able to enjoy and feel pleasure in things?,"1, 1 | 2, 2 | 3, 3 | 4, 4 | 5, 5 | 6, 6 | 7, 7",no pleasure or enjoyment,really enjoying things,,all_day_questions
Mood14,Mood:,morning_set,EMA Assessment (Morning),A morning questionnaire,slider,,How fidgety or restless do you feel right now compared to your usual self?,"1, 1 | 2, 2 | 3, 3 | 4, 4 | 5, 5 | 6, 6 | 7, 7",not at all restless,very restless/fidgety/cannot sit still,,all_day_questions
Mood15,Mood:,morning_set,EMA Assessment (Morning),A morning questionnaire,slider,,How hungry do you feel right now?,"1, 1 | 2, 2 | 3, 3 | 4, 4 | 5, 5 | 6, 6 | 7, 7",not at all hungry/full,extremely hungry,,all_day_questions
Mood16,Mood:,morning_set,EMA Assessment (Morning),A morning questionnaire,slider,,How sleepy do you feel right now?,"1, 1 | 2, 2 | 3, 3 | 4, 4 | 5, 5 | 6, 6 | 7, 7",not at all sleepy,very sleepy,,all_day_questions
Thoughts1,Thoughts:,morning_set,EMA Assessment (Morning),A morning questionnaire,slider,,"To what extent are you having positive thoughts, thinking about nice experiences or things that make you feel good?","1, 1 | 2, 2 | 3, 3 | 4, 4 | 5, 5 | 6, 6 | 7, 7",not at all,very frequently,,all_day_questions
Thoughts2,Thoughts:,morning_set,EMA Assessment (Morning),A morning questionnaire,slider,,"To what extent are you having negative thoughts, thinking about unpleasant experiences or things that make you feel bad?","1, 1 | 2, 2 | 3, 3 | 4, 4 | 5, 5 | 6, 6 | 7, 7",not at all,very frequently,,all_day_questions
Thoughts2a,Thoughts:,morning_set,EMA Assessment (Morning),A morning questionnaire,radio,1,Were these thoughts about:,"1, things you did that you regret | 2, things that happened to you or to others | 3, worries that you have | 4, other negative thoughts",,,[Thoughts2] > 1,all_day_questions
Thoughts2b,Thoughts:,morning_set,EMA Assessment (Morning),A morning questionnaire,slider,,How severe or disturbing would you say these thoughts were?,"1, 1 | 2, 2 | 3, 3 | 4, 4 | 5, 5 | 6, 6 | 7, 7",not at all severe or disturbing,very severe or disturbing,[Thoughts2] > 1,all_day_questions
Activity1,Activity:,morning_set,EMA Assessment (Morning),A morning questionnaire,radio,,"Since the last assessment, did you have a nap or rest?","0, No | 1, Yes",,,,all_day_questions
Activity1a,Activity:,morning_set,EMA Assessment (Morning),A morning questionnaire,dropdown,,About how long was your nap or rest?,"1, 15 min | 2, 30 min | 3, 45 min | 4, 1 hr | 5, 1 hr 30 min | 6, 2 hrs or more",,,[Activity1] = 1,all_day_questions
Activity1b,Activity:,morning_set,EMA Assessment (Morning),A morning questionnaire,radio,,Did you actually fall asleep during the nap or rest?,"0, No | 1, Yes",,,[Activity1] = 1,all_day_questions
Activity2,Activity:,morning_set,EMA Assessment (Morning),A morning questionnaire,radio,1,Please select the level of activities you did since the last questionnaire.,"1, vigorous activities (e.g. running/ fast cycling/ heavy lifting or digging ) | 2, moderate activities (e.g. tennis/bicycling, carrying light loads)  | 3, light activities (e.g. walking/climbing stairs/routine household chores)",,,,all_day_questions
Activity2a,Activity:,morning_set,EMA Assessment (Morning),A morning questionnaire,dropdown,,"Since the last questionnaire, how many minutes did you do vigorous activities including intensive sports or exercise (such as running or fast cycling) or intensive physical work (such as heavy lifting or digging)?","1, 5 | 2, 10 | 3, 20 | 4, 30 | 5, 40 | 6, 50 | 7, 60 or more",,,[Activity2] = 1,all_day_questions
Activity2b,Activity:,morning_set,EMA Assessment (Morning),A morning questionnaire,radio,,Was this vigorous activity (or activities) part of a planned workout or exercise routine?,"0, No | 1, Yes",,,[Activity2] = 1,all_day_questions
Activity2c,Activity:,morning_set,EMA Assessment (Morning),A morning questionnaire,dropdown,,"Since the last questionnaire, how many minutes did you do moderate activities (activities that make you breathe somewhat harder than usual such as playing tennis, bicycling, carrying light loads)","1, 5 | 2, 10 | 3, 20 | 4, 30 | 5, 40 | 6, 50 | 7, 60 or more",,,[Activity2] = 2,all_day_questions
Activity2d,Activity:,morning_set,EMA Assessment (Morning),A morning questionnaire,radio,,Was this moderate activity (or activities) part of a planned workout or exercise routine?,"0, No | 1, Yes",,,[Activity2] = 2,all_day_questions
Activity2e,Activity:,morning_set,EMA Assessment (Morning),A morning questionnaire,dropdown,,"Since the last questionnaire, how many minutes did you do light activities (activities that may not make you breathe somewhat harder than usual such as walking, climbing stairs, routine household chores, etc.)","1, 5 | 2, 10 | 3, 20 | 4, 30 | 5, 40 | 6, 50 | 7, 60 or more",,,[Activity2] = 3,all_day_questions
Activity2f,Activity:,morning_set,EMA Assessment (Morning),A morning questionnaire,radio,,Was this light activity (or activities) part of a planned workout or exercise routine?,"0, No | 1, Yes",,,[Activity2] = 3,all_day_questions
Intake1,Food and Drink:,morning_set,EMA Assessment (Morning),A morning questionnaire,radio,1,"Since the last questionnaire, did you drink:","1, water | 2 , milk | 3,  a caffeinated beverage (like coffee/tea/soda...) | 4, an alcoholic beverage (wine/beer/liquor…) | 5, a beverage containing sugar like juice or caffeine free soda | 6, another type of drink | 7, none",,,,all_day_questions
Intake1a,Food and Drink:,morning_set,EMA Assessment (Morning),A morning questionnaire,dropdown,,How many 8 oz glasses of water did you consume?,"1, 1 | 2, 2 | 3, 3 | 4, 4 | 5, 5",,,[Intake1] = 1,all_day_questions
Intake1b,Food and Drink:,morning_set,EMA Assessment (Morning),A morning questionnaire,dropdown,,How many 8 oz glasses of milk did you consume?,"1, 1 | 2, 2 | 3, 3 | 4, 4 | 5, 5",,,[Intake1] = 2,all_day_questions
Intake1c,Food and Drink:,morning_set,EMA Assessment (Morning),A morning questionnaire,radio,1,What type of caffeinated beverage did you consume?,"1, soda (coke/pepsi/other caffeinated soda) | 2, energy drink | 3, coffee | 4, tea | 5, other",,,[Intake1] = 3,all_day_questions
Intake1d,Food and Drink:,morning_set,EMA Assessment (Morning),A morning questionnaire,dropdown,,How many 8 oz glasses of caffeinated drinks did you consume?,"1, 1 | 2, 2 | 3, 3 | 4, 4 | 5, 5",,,[Intake1] = 3,all_day_questions
Intake1e,Food and Drink:,morning_set,EMA Assessment (Morning),A morning questionnaire,radio,1,What type of alcoholic beverage did you consume?,"1, red wine | 2, white wine | 3, champagne/sparkling wine | 4, beer | 5, cocktail | 6, whisky or other strong alcohol | 7, other type of alcoholic drink",,,[Intake1] = 4,all_day_questions
Intake1f,Food and Drink:,morning_set,EMA Assessment (Morning),A morning questionnaire,dropdown,,How many servings of alcohol did you consume?,"1, 1 | 2, 2 | 3, 3 | 4, 4 | 5, 5",,,[Intake1] = 4,all_day_questions
Intake1g,Food and Drink:,morning_set,EMA Assessment (Morning),A morning questionnaire,dropdown,,"How many 8 oz glasses of high-sugar drinks (e.g., juice, soda, some coffee beverages) did you consume?","1, 1 | 2, 2 | 3, 3 | 4, 4 | 5, 5",,,[Intake1] = 5,all_day_questions
Intake2,Food and Drink:,morning_set,EMA Assessment (Morning),A morning questionnaire,radio,1,"Since the last questionnaire, which of the following did you have?","1, snacks (e.g. candy bar/cookie/small bag of chips) | 2, small meals | 3, regular/full meals | 4, large meals | 5, none",,,,all_day_questions
Intake2a,Food and Drink:,morning_set,EMA Assessment (Morning),A morning questionnaire,dropdown,,How many snacks (e.g. candy bar/cookie/small bag of chips) did you have?,"1, 1 | 2, 2 | 3, 3 | 4, 4 | 5, 5 | 6, 6 | 7, 7 | 8, 8 | 9, 9 | 10, 10 | 11, more than 10",,,[Intake2] = 1,all_day_questions
Intake2b,Food and Drink:,morning_set,EMA Assessment (Morning),A morning questionnaire,dropdown,,How many small meals did you have?,"1, 1 | 2, 2 | 3, 3 | 4, 4 | 5, 5 | more than 5, more than 5",,,[Intake2] = 2,all_day_questions
Intake2c,Food and Drink:,morning_set,EMA Assessment (Morning),A morning questionnaire,dropdown,,How many regular/full meals did you have?,"1, 1 | 2, 2 | 3, 3 | 4, more than 3",,,[Intake2] = 3,all_day_questions
Intake2d,Food and Drink:,morning_set,EMA Assessment (Morning),A morning questionnaire,dropdown,,How many large meals did you have?,"1, 1 | 2, 2 | 3, more than 2",,,[Intake2] = 4,all_day_questions
Intake2e,Food and Drink:,morning_set,EMA Assessment (Morning),A morning questionnaire,dropdown,,For how long did you eat?,"1, 5 min | 2, 10 min | 3, 15 min | 4, 30 min | 5, 45 min | 6, 1 hr | 7, 1 hr 30 min | 8, 2 hrs or more",,,[Intake2].includes(1) or [Intake2].includes(2) or [Intake2].includes(3) or [Intake2].includes(4),all_day_questions
Intake2f,Food and Drink:,morning_set,EMA Assessment (Morning),A morning questionnaire,radio,1,Please think about all the foods you ate since the last questionnaire. Please select all types of food you ate,"1, beef/pork/lamb | 2, chicken or other poultry | 3, eggs | 4, fish | 5, dairy (yogurt/milk/cheese) | 6, bread/pasta/cereal/other starchy food | 7, fruits | 8, vegetables | 9, sweet foods or candy | 10, energy bars | 11, potato chips or other salty snacks",,,[Intake2].includes(1) or [Intake2].includes(2) or [Intake2].includes(3) or [Intake2].includes(4),all_day_questions
Intake2fa,Food and Drink:,morning_set,EMA Assessment (Morning),A morning questionnaire,radio,,Did you eat chocolate?,"0, No | 1, Yes",,,[Intake2f] = 9,all_day_questions
Intake3,Food and Drink:,morning_set,EMA Assessment (Morning),A morning questionnaire,radio,1,"Since the last questionnaire, which of the following did you  use?","1, cigarettes | 2, cannabis/pot | 3, other drug | 4, none",,,,all_day_questions
Intake3a,Food and Drink:,morning_set,EMA Assessment (Morning),A morning questionnaire,dropdown,,How many cigarettes did you have?,"1, 1 | 2, 2 | 3, 3 | 4, 4 | 5, 5 | 6, 6 | 7, 7 | 8, 8 | 9, 9 | 10, 10 | 15, 15 | 20, 20",,,[Intake3] = 1,all_day_questions
Intake3b,Food and Drink:,morning_set,EMA Assessment (Morning),A morning questionnaire,dropdown,,How many joints did you have?,"1, 1 | 2, 2 | 3, 3 | 4, 4 | 5, 5 | 6, 6 | 7, 7 | 8, 8 | 9, 9 | 10, 10 | 15, 15 | 20, 20",,,[Intake3] = 2,all_day_questions
Intake3c,Food and Drink:,morning_set,EMA Assessment (Morning),A morning questionnaire,dropdown,,What other drug did you use?,"1, cocaine | 2, tranquilizers | 3, stimulants | 4, heroin or other opiate | 5, other drug",,,[Intake3] = 3,all_day_questions
Event0,Events:,morning_set,EMA Assessment (Morning),A morning questionnaire,radio,,"Since the last assessment, please think of the ONE event that affected you the most (positively or negatively), no matter how slightly.","1, okay",,,,all_day_questions
Event1,Events:,morning_set,EMA Assessment (Morning),A morning questionnaire,radio,,Which of the following categories best describes the area of your life in which the event occurred?,"1, work | 2, education | 3, family or friend relationships | 4, interactions with colleagues | 5, interactions with strangers | 6, housing or residence | 7, leisure | 8, exercise | 9, health | 10, finances | 11, religion or spirituality | 12, legal or judicial | 13, traveling or commuting | 14, other",,,,all_day_questions
Event2,Events:,morning_set,EMA Assessment (Morning),A morning questionnaire,slider,,To what degree did this event have a positive impact on you?,"1, 1 | 2, 2 | 3, 3 | 4, 4 | 5, 5 | 6, 6 | 7, 7",no positive impact,extremely positive,,all_day_questions
Event3,Events:,morning_set,EMA Assessment (Morning),A morning questionnaire,slider,,To what degree did this event have a negative impact on you?,"1, 1 | 2, 2 | 3, 3 | 4, 4 | 5, 5 | 6, 6 | 7, 7",no negative impact,extremely negative,,all_day_questions
Event4,Events:,morning_set,EMA Assessment (Morning),A morning questionnaire,radio,,Did more than one event occur that significantly influenced you?,"0, No | 1, Yes",,,,all_day_questions
Event4a,Events:,morning_set,EMA Assessment (Morning),A morning questionnaire,slider,,To what degree did this other event have a positive impact on you?,"1, 1 | 2, 2 | 3, 3 | 4, 4 | 5, 5 | 6, 6 | 7, 7",no positive impact,extremely positive,[Event4] = 1,all_day_questions
Event4b,Events:,morning_set,EMA Assessment (Morning),A morning questionnaire,slider,,To what degree did this other event have a negative impact on you?,"1, 1 | 2, 2 | 3, 3 | 4, 4 | 5, 5 | 6, 6 | 7, 7",no negative impact,extremely negative,[Event4] = 1,all_day_questions
Pain1,Physical Pain:,morning_set,EMA Assessment (Morning),A morning questionnaire,radio,,Are you having pain right now?,"0, No | 1, Yes",,,,all_day_questions
Pain1a,Physical Pain:,morning_set,EMA Assessment (Morning),A morning questionnaire,radio,1,Where are you having pain?,"1, headache | 2, joint/muscle | 3, back or neck | 4, stomach/bowel | 5, other",,,[Pain1] = 1,all_day_questions
Pain1b,Physical Pain:,morning_set,EMA Assessment (Morning),A morning questionnaire,slider,,How severe is your pain right now?,"1, 1 | 2, 2 | 3, 3 | 4, 4 | 5, 5 | 6, 6 | 7, 7",very minor pain,extreme pain,[Pain1] = 1,all_day_questions
Pain2,Physical Pain:,morning_set,EMA Assessment (Morning),A morning questionnaire,radio,,Have you experienced any pain since the last questionnaire?,"0, No | 1, Yes",,,,all_day_questions
Pain2a,Physical Pain:,morning_set,EMA Assessment (Morning),A morning questionnaire,radio,1,Where did this pain occur,"1, headache | 2, joint/muscle | 3, back or neck | 4, stomach/bowel | 5, other",,,[Pain2] = 1,all_day_questions
Pain2b,Physical Pain:,morning_set,EMA Assessment (Morning),A morning questionnaire,slider,,How severe was the pain you experienced since the last questionnaire,"1, 1 | 2, 2 | 3, 3 | 4, 4 | 5, 5 | 6, 6 | 7, 7",very minor pain,extreme pain,[Pain2] = 1,all_day_questions
Headache1,Headache:,morning_set,EMA Assessment (Morning),A morning questionnaire,radio,,Are you currently experiencing a headache?,"0, No | 1, Yes",,,,all_day_questions
Headache1a,Headache:,morning_set,EMA Assessment (Morning),A morning questionnaire,radio,,Is this the same headache that you reported for last assessment?,"0, No | 1, Yes",,,[Headache1] = 1,all_day_questions
Headache2,Headache:,morning_set,EMA Assessment (Morning),A morning questionnaire,radio,,Have you experienced a headache since the last questionnaire?,"0, No | 1, Yes",,,,all_day_questions
Headache2a,Headache:,morning_set,EMA Assessment (Morning),A morning questionnaire,radio,1,"Since the last questionnaire, did you do any of the following to prevent a headache?","1, take prescribed medication | 2, take over-the-counter medication | 3, reduce or change activities | 4, use relaxation/yoga/other techniques | 5, rest or take a nap | 6, other prevention strategy",,,[Headache2] = 0,all_day_questions
Headache2b,Headache:,morning_set,EMA Assessment (Morning),A morning questionnaire,timeRange,,What time did the headache begin and end?,,,,[Headache2] = 1,all_day_questions
Headache2d,Headache:,morning_set,EMA Assessment (Morning),A morning questionnaire,slider,,How intense is (or was) the headache?,"1, 1 | 2, 2 | 3, 3 | 4, 4 | 5, 5 | 6, 6 | 7, 7",very minor,extremely intense,[Headache2] = 1,all_day_questions
Headache2e,Headache:,morning_set,EMA Assessment (Morning),A morning questionnaire,radio,,Did the headache come on suddenly?,"0, No | 1, Yes",,,[Headache2] = 1,all_day_questions
Headache2f,Headache:,morning_set,EMA Assessment (Morning),A morning questionnaire,radio,,Did something in particular trigger the headache?,"0, No | 1, Yes",,,[Headache2] = 1,all_day_questions
Headache2fa,Headache:,morning_set,EMA Assessment (Morning),A morning questionnaire,radio,1,What do you think triggered the headache?,"1, bright light | 2, odor/smell | 3, noise | 4, food | 5, alcoholic drink | 6, non-alcoholic beverage | 7, hunger | 8, thirst/dehydration | 9, pain | 10, exercise  | 11, stress | 12, other | 13, unknown",,,[Headache2] = 1,all_day_questions
Headache2g,Headache:,morning_set,EMA Assessment (Morning),A morning questionnaire,radio,,Where is (or was) the headache?,"1, both sides of your head | 2, left side only |3, right side only | 4, moved from one side to another",,,[Headache2] = 1,all_day_questions
Headache2h,Headache:,morning_set,EMA Assessment (Morning),A morning questionnaire,radio,,"Is (or was) the pain throbbing, beating or pulsating?","0, No | 1, Yes",,,[Headache2] = 1,all_day_questions
Headache2i,Headache:,morning_set,EMA Assessment (Morning),A morning questionnaire,radio,,Does (or did) the headache pain increase with routine physical activity such as bending over or climbing stairs?,"0, No | 1, Yes",,,[Headache2] = 1,all_day_questions
Headache2j,Headache:,morning_set,EMA Assessment (Morning),A morning questionnaire,radio,,"Do (or did) you feel nauseated, vomit or have diarrhea?","1, not at all | 2, mildly | 3, moderately | 4, severely",,,[Headache2] = 1,all_day_questions
Headache2k,Headache:,morning_set,EMA Assessment (Morning),A morning questionnaire,radio,,How much does (or did) light bother you?,"1, not at all | 2, mildly | 3, moderately | 4, severely",,,[Headache2] = 1,all_day_questions
Headache2l,Headache:,morning_set,EMA Assessment (Morning),A morning questionnaire,radio,,"How much does (or did) noise such as music, talking, TV, bother you?","1, not at all | 2, mildly | 3, moderately | 4, severely",,,[Headache2] = 1,all_day_questions
Headache2m,Headache:,morning_set,EMA Assessment (Morning),A morning questionnaire,radio,,"How much does (or did) certain odors such as perfume, food, smoke, bother you?","1, not at all | 2, mildly | 3, moderately | 4, severely",,,[Headache2] = 1,all_day_questions
Headache2n,Headache:,morning_set,EMA Assessment (Morning),A morning questionnaire,radio,1,Which (if any) of the following vision changes did you experience?,"1, no vision changes | 2, blurred or distorted vision | 3, flashing lights/shapes | 4, blind spots or missing parts",,,[Headache2] = 1,all_day_questions
Headache2na,Headache:,morning_set,EMA Assessment (Morning),A morning questionnaire,radio,,When did those vision changes occur with respect to the onset of the headache pain?,"1, before headache pain | 2, after headache pain",,,[Headache2n].includes(2) or [Headache2n].includes(3) or [Headache2n].includes(4),all_day_questions
Headache2o,Headache:,morning_set,EMA Assessment (Morning),A morning questionnaire,radio,,Is (or was) your headache accompanied by any numbing or tingling in certain body areas?,"0, No | 1, Yes",,,[Headache2] = 1,all_day_questions
Headache2oa,Headache:,morning_set,EMA Assessment (Morning),A morning questionnaire,radio,,When did this numbing or tingling occur with respect to onset of the headache pain?,"1, before headache pain | 2, after headache pain",,,[Headache2o] = 1,all_day_questions
Headache2p,Headache:,morning_set,EMA Assessment (Morning),A morning questionnaire,radio,,"Does (or did) the headache make it difficult to speak, think or express yourself?","0, No | 1, Yes",,,[Headache2] = 1,all_day_questions
Headache2pa,Headache:,morning_set,EMA Assessment (Morning),A morning questionnaire,radio,,When did this difficulty occur with respect to the onset of the headache?,"1, before headache pain | 2, after headache pain",,,[Headache2p] = 1,all_day_questions
Headache2q,Headache:,morning_set,EMA Assessment (Morning),A morning questionnaire,radio,1,Which (if any) did you take to treat your headache?,"1, no medications | 2, over-the-counter medications | 3, prescription medications",,,[Headache2] = 1,all_day_questions
Headache2r,Headache:,morning_set,EMA Assessment (Morning),A morning questionnaire,radio,,How much does (or did) the headache interfere with your activities?,"1, not at all | 2, mildly | 3, moderately | 4, severely",,,[Headache2] = 1,all_day_questions
Context1,Context:,day_set,EMA Assessment (Mid Day),A mid-day questionnaire,radio,,Have you taken your activity monitor off since the last assessment?,"0, No | 1, Yes",,,,all_day_questions
Context1a,Context:,day_set,EMA Assessment (Mid Day),A mid-day questionnaire,timeRange,,When did you take it off and put it back on?,,,,[Context1] = 1,all_day_questions
Context2,Context:,day_set,EMA Assessment (Mid Day),A mid-day questionnaire,radio,,Where are you right now?,"1, In my home | 2, in home of relative or friend | 3, at work or in class | 4, in a restaurant/café/bar | 5, in a store or shop | 6, in the gym or fitness center | 7, in a hospital or doctor’s office | 8, in a vehicle (car/bus…) | 9, in a public building | 10, in a park or garden | 11, other place inside | 12, other place outside",,,,all_day_questions
Context3,Context:,day_set,EMA Assessment (Mid Day),A mid-day questionnaire,radio,1,Which places have you been since the last assessment?,"1, In my home | 2, in home of relative or friend | 3, at work or in class | 4, in a restaurant/café/bar | 5, in a store or shop | 6, in the gym or fitness center | 7, in a hospital or doctor’s office | 8, in a vehicle (car/bus…) | 9, in a public building | 10, in a park or garden | 11, other place inside | 12, other place outside",,,,all_day_questions
Context4,Context:,day_set,EMA Assessment (Mid Day),A mid-day questionnaire,radio,1,Who is with you at this moment?,"1, no one | 2, family member | 3, partner/boyfriend/girlfriend | 4, friend | 5, colleague or classmate | 6, stranger | 7, a pet | 8, other",,,,all_day_questions
Context5,Context:,day_set,EMA Assessment (Mid Day),A mid-day questionnaire,radio,1,Who have you been with since the last assessment?,"1, no one | 2, family member | 3, partner/boyfriend/girlfriend | 4, friend | 5, colleague or classmate | 6, stranger | 7, a pet | 8, other",,,,all_day_questions
Context6,Context:,day_set,EMA Assessment (Mid Day),A mid-day questionnaire,radio,,What are you doing at this moment?,"1, nothing or waiting | 2, napping/resting | 3, eating | 4, household chores | 5, working (paid or volunteer) | 6, homework | 7, shopping | 8, personal hygiene care | 9, physical leisure or sports | 10, personal exercise | 11, walking the dog | 12, traveling or commuting | 13, watching tv | 14, reading | 15, listening to music | 16, using a computer/electronic device | 17, talking on the phone | 18, talking in person | 19, texting by phone | 20, other nonphysical leisure | 21, other activity",,,,all_day_questions
Context7,Context:,day_set,EMA Assessment (Mid Day),A mid-day questionnaire,radio,1,Which of these activities have you done since the last assessment?,"1, nothing or waiting | 2, napping/resting | 3, eating | 4, household chores | 5, working (paid or volunteer) | 6, homework | 7, shopping | 8, personal hygiene care | 9, physical leisure or sports | 10, personal exercise | 11, walking the dog | 12, traveling or commuting | 13, watching tv | 14, reading | 15, listening to music | 16, using a computer/electronic device | 17, talking on the phone | 18, talking in person | 19, texting by phone | 20, other nonphysical leisure | 21, other activity",,,,all_day_questions
Mood1,Mood:,day_set,EMA Assessment (Mid Day),A mid-day questionnaire,slider,,How happy versus sad do you feel right now?,"1, 1 | 2, 2 | 3, 3 | 4, 4 | 5, 5 | 6, 6 | 7, 7",very/sad/depressed/unhappy,very cheerful/happy,,all_day_questions
Mood2,Mood:,day_set,EMA Assessment (Mid Day),A mid-day questionnaire,slider,,How happy do you feel right now?,"1, 1 | 2, 2 | 3, 3 | 4, 4 | 5, 5 | 6, 6 | 7, 7",no emotion,very cheerful/happy,,all_day_questions
Mood3,Mood:,day_set,EMA Assessment (Mid Day),A mid-day questionnaire,slider,,How sad do you feel right now?,"1, 1 | 2, 2 | 3, 3 | 4, 4 | 5, 5 | 6, 6 | 7, 7",no emotion,very sad/depressed/unhappy,,all_day_questions
Mood4,Mood:,day_set,EMA Assessment (Mid Day),A mid-day questionnaire,slider,,How relaxed versus anxious do you feel right now?,"1, 1 | 2, 2 | 3, 3 | 4, 4 | 5, 5 | 6, 6 | 7, 7",very relaxed/calm,very nervous/anxious,,all_day_questions
Mood5,Mood:,day_set,EMA Assessment (Mid Day),A mid-day questionnaire,slider,,How calm vs. excited do you feel right now?,"1, 1 | 2, 2 | 3, 3 | 4, 4 | 5, 5 | 6, 6 | 7, 7",calm/quiet,very excited/aroused,,all_day_questions
Mood6,Mood:,day_set,EMA Assessment (Mid Day),A mid-day questionnaire,slider,,How tired vs. energetic do you feel right now?,"1, 1 | 2, 2 | 3, 3 | 4, 4 | 5, 5 | 6, 6 | 7, 7",very tired/sluggish,very energetic/lively,,all_day_questions
Mood7,Mood:,day_set,EMA Assessment (Mid Day),A mid-day questionnaire,slider,,How well can you concentrate or focus right now?,"1, 1 | 2, 2 | 3, 3 | 4, 4 | 5, 5 | 6, 6 | 7, 7",very focused/attentive,very unfocused/distracted,,all_day_questions
Mood8,Mood:,day_set,EMA Assessment (Mid Day),A mid-day questionnaire,slider,,How irritable or easily angered do you feel right now?,"1, 1 | 2, 2 | 3, 3 | 4, 4 | 5, 5 | 6, 6 | 7, 7",not at all irritable/angry,very irritable/angry,,all_day_questions
Mood9,Mood:,day_set,EMA Assessment (Mid Day),A mid-day questionnaire,slider,,Do you feel worried right now?,"1, 1 | 2, 2 | 3, 3 | 4, 4 | 5, 5 | 6, 6 | 7, 7",not at all worried,very worried,,all_day_questions
Mood10,Mood:,day_set,EMA Assessment (Mid Day),A mid-day questionnaire,slider,,Do you feel guilty right now?,"1, 1 | 2, 2 | 3, 3 | 4, 4 | 5, 5 | 6, 6 | 7, 7",not at all guilty,very guilty,,all_day_questions
Mood11,Mood:,day_set,EMA Assessment (Mid Day),A mid-day questionnaire,slider,,How well can you make decisions right now?,"1, 1 | 2, 2 | 3, 3 | 4, 4 | 5, 5 | 6, 6 | 7, 7",not at all/very indecisive,very well/very decisve,,all_day_questions
Mood12,Mood:,day_set,EMA Assessment (Mid Day),A mid-day questionnaire,slider,,How quick is your thinking?,"1, 1 | 2, 2 | 3, 3 | 4, 4 | 5, 5 | 6, 6 | 7, 7",slow/cannot think of things,very quick/lots of ideas,,all_day_questions
Mood13,Mood:,day_set,EMA Assessment (Mid Day),A mid-day questionnaire,slider,,How much are you able to enjoy and feel pleasure in things?,"1, 1 | 2, 2 | 3, 3 | 4, 4 | 5, 5 | 6, 6 | 7, 7",no pleasure or enjoyment,really enjoying things,,all_day_questions
Mood14,Mood:,day_set,EMA Assessment (Mid Day),A mid-day questionnaire,slider,,How fidgety or restless do you feel right now compared to your usual self?,"1, 1 | 2, 2 | 3, 3 | 4, 4 | 5, 5 | 6, 6 | 7, 7",not at all restless,very restless/fidgety/cannot sit still,,all_day_questions
Mood15,Mood:,day_set,EMA Assessment (Mid Day),A mid-day questionnaire,slider,,How hungry do you feel right now?,"1, 1 | 2, 2 | 3, 3 | 4, 4 | 5, 5 | 6, 6 | 7, 7",not at all hungry/full,extremely hungry,,all_day_questions
Mood16,Mood:,day_set,EMA Assessment (Mid Day),A mid-day questionnaire,slider,,How sleepy do you feel right now?,"1, 1 | 2, 2 | 3, 3 | 4, 4 | 5, 5 | 6, 6 | 7, 7",not at all sleepy,very sleepy,,all_day_questions
Thoughts1,Thoughts:,day_set,EMA Assessment (Mid Day),A mid-day questionnaire,slider,,"To what extent are you having positive thoughts, thinking about nice experiences or things that make you feel good?","1, 1 | 2, 2 | 3, 3 | 4, 4 | 5, 5 | 6, 6 | 7, 7",not at all,very frequently,,all_day_questions
Thoughts2,Thoughts:,day_set,EMA Assessment (Mid Day),A mid-day questionnaire,slider,,"To what extent are you having negative thoughts, thinking about unpleasant experiences or things that make you feel bad?","1, 1 | 2, 2 | 3, 3 | 4, 4 | 5, 5 | 6, 6 | 7, 7",not at all,very frequently,,all_day_questions
Thoughts2a,Thoughts:,day_set,EMA Assessment (Mid Day),A mid-day questionnaire,radio,1,Were these thoughts about:,"1, things you did that you regret | 2, things that happened to you or to others | 3, worries that you have | 4, other negative thoughts",,,[Thoughts2] > 1,all_day_questions
Thoughts2b,Thoughts:,day_set,EMA Assessment (Mid Day),A mid-day questionnaire,slider,,How severe or disturbing would you say these thoughts were?,"1, 1 | 2, 2 | 3, 3 | 4, 4 | 5, 5 | 6, 6 | 7, 7",not at all severe or disturbing,very severe or disturbing,[Thoughts2] > 1,all_day_questions
Activity1,Activity:,day_set,EMA Assessment (Mid Day),A mid-day questionnaire,radio,,"Since the last assessment, did you have a nap or rest?","0, No | 1, Yes",,,,all_day_questions
Activity1a,Activity:,day_set,EMA Assessment (Mid Day),A mid-day questionnaire,dropdown,,About how long was your nap or rest?,"1, 15 min | 2, 30 min | 3, 45 min | 4, 1 hr | 5, 1 hr 30 min | 6, 2 hrs or more",,,[Activity1] = 1,all_day_questions
Activity1b,Activity:,day_set,EMA Assessment (Mid Day),A mid-day questionnaire,radio,,Did you actually fall asleep during the nap or rest?,"0, No | 1, Yes",,,[Activity1] = 1,all_day_questions
Activity2,Activity:,day_set,EMA Assessment (Mid Day),A mid-day questionnaire,radio,1,Please select the level of activities you did since the last questionnaire.,"1, vigorous activities (e.g. running/ fast cycling/ heavy lifting or digging ) | 2, moderate activities (e.g. tennis/bicycling, carrying light loads)  | 3, light activities (e.g. walking/climbing stairs/routine household chores)",,,,all_day_questions
Activity2a,Activity:,day_set,EMA Assessment (Mid Day),A mid-day questionnaire,dropdown,,"Since the last questionnaire, how many minutes did you do vigorous activities including intensive sports or exercise (such as running or fast cycling) or intensive physical work (such as heavy lifting or digging)?","1, 5 | 2, 10 | 3, 20 | 4, 30 | 5, 40 | 6, 50 | 7, 60 or more",,,[Activity2] = 1,all_day_questions
Activity2b,Activity:,day_set,EMA Assessment (Mid Day),A mid-day questionnaire,radio,,Was this vigorous activity (or activities) part of a planned workout or exercise routine?,"0, No | 1, Yes",,,[Activity2] = 1,all_day_questions
Activity2c,Activity:,day_set,EMA Assessment (Mid Day),A mid-day questionnaire,dropdown,,"Since the last questionnaire, how many minutes did you do moderate activities (activities that make you breathe somewhat harder than usual such as playing tennis, bicycling, carrying light loads)","1, 5 | 2, 10 | 3, 20 | 4, 30 | 5, 40 | 6, 50 | 7, 60 or more",,,[Activity2] = 2,all_day_questions
Activity2d,Activity:,day_set,EMA Assessment (Mid Day),A mid-day questionnaire,radio,,Was this moderate activity (or activities) part of a planned workout or exercise routine?,"0, No | 1, Yes",,,[Activity2] = 2,all_day_questions
Activity2e,Activity:,day_set,EMA Assessment (Mid Day),A mid-day questionnaire,dropdown,,"Since the last questionnaire, how many minutes did you do light activities (activities that may not make you breathe somewhat harder than usual such as walking, climbing stairs, routine household chores, etc.)","1, 5 | 2, 10 | 3, 20 | 4, 30 | 5, 40 | 6, 50 | 7, 60 or more",,,[Activity2] = 3,all_day_questions
Activity2f,Activity:,day_set,EMA Assessment (Mid Day),A mid-day questionnaire,radio,,Was this light activity (or activities) part of a planned workout or exercise routine?,"0, No | 1, Yes",,,[Activity2] = 3,all_day_questions
Intake1,Food and Drink:,day_set,EMA Assessment (Mid Day),A mid-day questionnaire,radio,1,"Since the last questionnaire, did you drink:","1, water | 2 , milk | 3,  a caffeinated beverage (like coffee/tea/soda...) | 4, an alcoholic beverage (wine/beer/liquor…) | 5, a beverage containing sugar like juice or caffeine free soda | 6, another type of drink | 7, none",,,,all_day_questions
Intake1a,Food and Drink:,day_set,EMA Assessment (Mid Day),A mid-day questionnaire,dropdown,,How many 8 oz glasses of water did you consume?,"1, 1 | 2, 2 | 3, 3 | 4, 4 | 5, 5",,,[Intake1] = 1,all_day_questions
Intake1b,Food and Drink:,day_set,EMA Assessment (Mid Day),A mid-day questionnaire,dropdown,,How many 8 oz glasses of milk did you consume?,"1, 1 | 2, 2 | 3, 3 | 4, 4 | 5, 5",,,[Intake1] = 2,all_day_questions
Intake1c,Food and Drink:,day_set,EMA Assessment (Mid Day),A mid-day questionnaire,radio,1,What type of caffeinated beverage did you consume?,"1, soda (coke/pepsi/other caffeinated soda) | 2, energy drink | 3, coffee | 4, tea | 5, other",,,[Intake1] = 3,all_day_questions
Intake1d,Food and Drink:,day_set,EMA Assessment (Mid Day),A mid-day questionnaire,dropdown,,How many 8 oz glasses of caffeinated drinks did you consume?,"1, 1 | 2, 2 | 3, 3 | 4, 4 | 5, 5",,,[Intake1] = 3,all_day_questions
Intake1e,Food and Drink:,day_set,EMA Assessment (Mid Day),A mid-day questionnaire,radio,1,What type of alcoholic beverage did you consume?,"1, red wine | 2, white wine | 3, champagne/sparkling wine | 4, beer | 5, cocktail | 6, whisky or other strong alcohol | 7, other type of alcoholic drink",,,[Intake1] = 4,all_day_questions
Intake1f,Food and Drink:,day_set,EMA Assessment (Mid Day),A mid-day questionnaire,dropdown,,How many servings of alcohol did you consume?,"1, 1 | 2, 2 | 3, 3 | 4, 4 | 5, 5",,,[Intake1] = 4,all_day_questions
Intake1g,Food and Drink:,day_set,EMA Assessment (Mid Day),A mid-day questionnaire,dropdown,,"How many 8 oz glasses of high-sugar drinks (e.g., juice, soda, some coffee beverages) did you consume?","1, 1 | 2, 2 | 3, 3 | 4, 4 | 5, 5",,,[Intake1] = 5,all_day_questions
Intake2,Food and Drink:,day_set,EMA Assessment (Mid Day),A mid-day questionnaire,radio,1,"Since the last questionnaire, which of the following did you have?","1, snacks (e.g. candy bar/cookie/small bag of chips) | 2, small meals | 3, regular/full meals | 4, large meals | 5, none",,,,all_day_questions
Intake2a,Food and Drink:,day_set,EMA Assessment (Mid Day),A mid-day questionnaire,dropdown,,How many snacks (e.g. candy bar/cookie/small bag of chips) did you have?,"1, 1 | 2, 2 | 3, 3 | 4, 4 | 5, 5 | 6, 6 | 7, 7 | 8, 8 | 9, 9 | 10, 10 | 11, more than 10",,,[Intake2] = 1,all_day_questions
Intake2b,Food and Drink:,day_set,EMA Assessment (Mid Day),A mid-day questionnaire,dropdown,,How many small meals did you have?,"1, 1 | 2, 2 | 3, 3 | 4, 4 | 5, 5 | more than 5, more than 5",,,[Intake2] = 2,all_day_questions
Intake2c,Food and Drink:,day_set,EMA Assessment (Mid Day),A mid-day questionnaire,dropdown,,How many regular/full meals did you have?,"1, 1 | 2, 2 | 3, 3 | 4, more than 3",,,[Intake2] = 3,all_day_questions
Intake2d,Food and Drink:,day_set,EMA Assessment (Mid Day),A mid-day questionnaire,dropdown,,How many large meals did you have?,"1, 1 | 2, 2 | 3, more than 2",,,[Intake2] = 4,all_day_questions
Intake2e,Food and Drink:,day_set,EMA Assessment (Mid Day),A mid-day questionnaire,dropdown,,For how long did you eat?,"1, 5 min | 2, 10 min | 3, 15 min | 4, 30 min | 5, 45 min | 6, 1 hr | 7, 1 hr 30 min | 8, 2 hrs or more",,,[Intake2].includes(1) or [Intake2].includes(2) or [Intake2].includes(3) or [Intake2].includes(4),all_day_questions
Intake2f,Food and Drink:,day_set,EMA Assessment (Mid Day),A mid-day questionnaire,radio,1,Please think about all the foods you ate since the last questionnaire. Please select all types of food you ate,"1, beef/pork/lamb | 2, chicken or other poultry | 3, eggs | 4, fish | 5, dairy (yogurt/milk/cheese) | 6, bread/pasta/cereal/other starchy food | 7, fruits | 8, vegetables | 9, sweet foods or candy | 10, energy bars | 11, potato chips or other salty snacks",,,[Intake2].includes(1) or [Intake2].includes(2) or [Intake2].includes(3) or [Intake2].includes(4),all_day_questions
Intake2fa,Food and Drink:,day_set,EMA Assessment (Mid Day),A mid-day questionnaire,radio,,Did you eat chocolate?,"0, No | 1, Yes",,,[Intake2f] = 9,all_day_questions
Intake3,Food and Drink:,day_set,EMA Assessment (Mid Day),A mid-day questionnaire,radio,1,"Since the last questionnaire, which of the following did you  use?","1, cigarettes | 2, cannabis/pot | 3, other drug | 4, none",,,,all_day_questions
Intake3a,Food and Drink:,day_set,EMA Assessment (Mid Day),A mid-day questionnaire,dropdown,,How many cigarettes did you have?,"1, 1 | 2, 2 | 3, 3 | 4, 4 | 5, 5 | 6, 6 | 7, 7 | 8, 8 | 9, 9 | 10, 10 | 15, 15 | 20, 20",,,[Intake3] = 1,all_day_questions
Intake3b,Food and Drink:,day_set,EMA Assessment (Mid Day),A mid-day questionnaire,dropdown,,How many joints did you have?,"1, 1 | 2, 2 | 3, 3 | 4, 4 | 5, 5 | 6, 6 | 7, 7 | 8, 8 | 9, 9 | 10, 10 | 15, 15 | 20, 20",,,[Intake3] = 2,all_day_questions
Intake3c,Food and Drink:,day_set,EMA Assessment (Mid Day),A mid-day questionnaire,dropdown,,What other drug did you use?,"1, cocaine | 2, tranquilizers | 3, stimulants | 4, heroin or other opiate | 5, other drug",,,[Intake3] = 3,all_day_questions
Event0,Events:,day_set,EMA Assessment (Mid Day),A mid-day questionnaire,radio,,"Since the last assessment, please think of the ONE event that affected you the most (positively or negatively), no matter how slightly.","1, okay",,,,all_day_questions
Event1,Events:,day_set,EMA Assessment (Mid Day),A mid-day questionnaire,radio,,Which of the following categories best describes the area of your life in which the event occurred?,"1, work | 2, education | 3, family or friend relationships | 4, interactions with colleagues | 5, interactions with strangers | 6, housing or residence | 7, leisure | 8, exercise | 9, health | 10, finances | 11, religion or spirituality | 12, legal or judicial | 13, traveling or commuting | 14, other",,,,all_day_questions
Event2,Events:,day_set,EMA Assessment (Mid Day),A mid-day questionnaire,slider,,To what degree did this event have a positive impact on you?,"1, 1 | 2, 2 | 3, 3 | 4, 4 | 5, 5 | 6, 6 | 7, 7",no positive impact,extremely positive,,all_day_questions
Event3,Events:,day_set,EMA Assessment (Mid Day),A mid-day questionnaire,slider,,To what degree did this event have a negative impact on you?,"1, 1 | 2, 2 | 3, 3 | 4, 4 | 5, 5 | 6, 6 | 7, 7",no negative impact,extremely negative,,all_day_questions
Event4,Events:,day_set,EMA Assessment (Mid Day),A mid-day questionnaire,radio,,Did more than one event occur that significantly influenced you?,"0, No | 1, Yes",,,,all_day_questions
Event4a,Events:,day_set,EMA Assessment (Mid Day),A mid-day questionnaire,slider,,To what degree did this other event have a positive impact on you?,"1, 1 | 2, 2 | 3, 3 | 4, 4 | 5, 5 | 6, 6 | 7, 7",no positive impact,extremely positive,[Event4] = 1,all_day_questions
Event4b,Events:,day_set,EMA Assessment (Mid Day),A mid-day questionnaire,slider,,To what degree did this other event have a negative impact on you?,"1, 1 | 2, 2 | 3, 3 | 4, 4 | 5, 5 | 6, 6 | 7, 7",no negative impact,extremely negative,[Event4] = 1,all_day_questions
Pain1,Physical Pain:,day_set,EMA Assessment (Mid Day),A mid-day questionnaire,radio,,Are you having pain right now?,"0, No | 1, Yes",,,,all_day_questions
Pain1a,Physical Pain:,day_set,EMA Assessment (Mid Day),A mid-day questionnaire,radio,1,Where are you having pain?,"1, headache | 2, joint/muscle | 3, back or neck | 4, stomach/bowel | 5, other",,,[Pain1] = 1,all_day_questions
Pain1b,Physical Pain:,day_set,EMA Assessment (Mid Day),A mid-day questionnaire,slider,,How severe is your pain right now?,"1, 1 | 2, 2 | 3, 3 | 4, 4 | 5, 5 | 6, 6 | 7, 7",very minor pain,extreme pain,[Pain1] = 1,all_day_questions
Pain2,Physical Pain:,day_set,EMA Assessment (Mid Day),A mid-day questionnaire,radio,,Have you experienced any pain since the last questionnaire?,"0, No | 1, Yes",,,,all_day_questions
Pain2a,Physical Pain:,day_set,EMA Assessment (Mid Day),A mid-day questionnaire,radio,1,Where did this pain occur,"1, headache | 2, joint/muscle | 3, back or neck | 4, stomach/bowel | 5, other",,,[Pain2] = 1,all_day_questions
Pain2b,Physical Pain:,day_set,EMA Assessment (Mid Day),A mid-day questionnaire,slider,,How severe was the pain you experienced since the last questionnaire,"1, 1 | 2, 2 | 3, 3 | 4, 4 | 5, 5 | 6, 6 | 7, 7",very minor pain,extreme pain,[Pain2] = 1,all_day_questions
Headache1,Headache:,day_set,EMA Assessment (Mid Day),A mid-day questionnaire,radio,,Are you currently experiencing a headache?,"0, No | 1, Yes",,,,all_day_questions
Headache1a,Headache:,day_set,EMA Assessment (Mid Day),A mid-day questionnaire,radio,,Is this the same headache that you reported for last assessment?,"0, No | 1, Yes",,,[Headache1] = 1,all_day_questions
Headache2,Headache:,day_set,EMA Assessment (Mid Day),A mid-day questionnaire,radio,,Have you experienced a headache since the last questionnaire?,"0, No | 1, Yes",,,,all_day_questions
Headache2a,Headache:,day_set,EMA Assessment (Mid Day),A mid-day questionnaire,radio,1,"Since the last questionnaire, did you do any of the following to prevent a headache?","1, take prescribed medication | 2, take over-the-counter medication | 3, reduce or change activities | 4, use relaxation/yoga/other techniques | 5, rest or take a nap | 6, other prevention strategy",,,[Headache2] = 0,all_day_questions
Headache2b,Headache:,day_set,EMA Assessment (Mid Day),A mid-day questionnaire,timeRange,,What time did the headache begin and end?,,,,[Headache2] = 1,all_day_questions
Headache2d,Headache:,day_set,EMA Assessment (Mid Day),A mid-day questionnaire,slider,,How intense is (or was) the headache?,"1, 1 | 2, 2 | 3, 3 | 4, 4 | 5, 5 | 6, 6 | 7, 7",very minor,extremely intense,[Headache2] = 1,all_day_questions
Headache2e,Headache:,day_set,EMA Assessment (Mid Day),A mid-day questionnaire,radio,,Did the headache come on suddenly?,"0, No | 1, Yes",,,[Headache2] = 1,all_day_questions
Headache2f,Headache:,day_set,EMA Assessment (Mid Day),A mid-day questionnaire,radio,,Did something in particular trigger the headache?,"0, No | 1, Yes",,,[Headache2] = 1,all_day_questions
Headache2fa,Headache:,day_set,EMA Assessment (Mid Day),A mid-day questionnaire,radio,1,What do you think triggered the headache?,"1, bright light | 2, odor/smell | 3, noise | 4, food | 5, alcoholic drink | 6, non-alcoholic beverage | 7, hunger | 8, thirst/dehydration | 9, pain | 10, exercise  | 11, stress | 12, other | 13, unknown",,,[Headache2] = 1,all_day_questions
Headache2g,Headache:,day_set,EMA Assessment (Mid Day),A mid-day questionnaire,radio,,Where is (or was) the headache?,"1, both sides of your head | 2, left side only |3, right side only | 4, moved from one side to another",,,[Headache2] = 1,all_day_questions
Headache2h,Headache:,day_set,EMA Assessment (Mid Day),A mid-day questionnaire,radio,,"Is (or was) the pain throbbing, beating or pulsating?","0, No | 1, Yes",,,[Headache2] = 1,all_day_questions
Headache2i,Headache:,day_set,EMA Assessment (Mid Day),A mid-day questionnaire,radio,,Does (or did) the headache pain increase with routine physical activity such as bending over or climbing stairs?,"0, No | 1, Yes",,,[Headache2] = 1,all_day_questions
Headache2j,Headache:,day_set,EMA Assessment (Mid Day),A mid-day questionnaire,radio,,"Do (or did) you feel nauseated, vomit or have diarrhea?","1, not at all | 2, mildly | 3, moderately | 4, severely",,,[Headache2] = 1,all_day_questions
Headache2k,Headache:,day_set,EMA Assessment (Mid Day),A mid-day questionnaire,radio,,How much does (or did) light bother you?,"1, not at all | 2, mildly | 3, moderately | 4, severely",,,[Headache2] = 1,all_day_questions
Headache2l,Headache:,day_set,EMA Assessment (Mid Day),A mid-day questionnaire,radio,,"How much does (or did) noise such as music, talking, TV, bother you?","1, not at all | 2, mildly | 3, moderately | 4, severely",,,[Headache2] = 1,all_day_questions
Headache2m,Headache:,day_set,EMA Assessment (Mid Day),A mid-day questionnaire,radio,,"How much does (or did) certain odors such as perfume, food, smoke, bother you?","1, not at all | 2, mildly | 3, moderately | 4, severely",,,[Headache2] = 1,all_day_questions
Headache2n,Headache:,day_set,EMA Assessment (Mid Day),A mid-day questionnaire,radio,1,Which (if any) of the following vision changes did you experience?,"1, no vision changes | 2, blurred or distorted vision | 3, flashing lights/shapes | 4, blind spots or missing parts",,,[Headache2] = 1,all_day_questions
Headache2na,Headache:,day_set,EMA Assessment (Mid Day),A mid-day questionnaire,radio,,When did those vision changes occur with respect to the onset of the headache pain?,"1, before headache pain | 2, after headache pain",,,[Headache2n].includes(2) or [Headache2n].includes(3) or [Headache2n].includes(4),all_day_questions
Headache2o,Headache:,day_set,EMA Assessment (Mid Day),A mid-day questionnaire,radio,,Is (or was) your headache accompanied by any numbing or tingling in certain body areas?,"0, No | 1, Yes",,,[Headache2] = 1,all_day_questions
Headache2oa,Headache:,day_set,EMA Assessment (Mid Day),A mid-day questionnaire,radio,,When did this numbing or tingling occur with respect to onset of the headache pain?,"1, before headache pain | 2, after headache pain",,,[Headache2o] = 1,all_day_questions
Headache2p,Headache:,day_set,EMA Assessment (Mid Day),A mid-day questionnaire,radio,,"Does (or did) the headache make it difficult to speak, think or express yourself?","0, No | 1, Yes",,,[Headache2] = 1,all_day_questions
Headache2pa,Headache:,day_set,EMA Assessment (Mid Day),A mid-day questionnaire,radio,,When did this difficulty occur with respect to the onset of the headache?,"1, before headache pain | 2, after headache pain",,,[Headache2p] = 1,all_day_questions
Headache2q,Headache:,day_set,EMA Assessment (Mid Day),A mid-day questionnaire,radio,1,Which (if any) did you take to treat your headache?,"1, no medications | 2, over-the-counter medications | 3, prescription medications",,,[Headache2] = 1,all_day_questions
Headache2r,Headache:,day_set,EMA Assessment (Mid Day),A mid-day questionnaire,radio,,How much does (or did) the headache interfere with your activities?,"1, not at all | 2, mildly | 3, moderately | 4, severely",,,[Headache2] = 1,all_day_questions
Context1,Context:,evening_set,EMA Assessment (Night),An evening questionnaire,radio,,Have you taken your activity monitor off since the last assessment?,"0, No | 1, Yes",,,,all_day_questions
Context1a,Context:,evening_set,EMA Assessment (Night),An evening questionnaire,timeRange,,When did you take it off and put it back on?,,,,[Context1] = 1,all_day_questions
Context2,Context:,evening_set,EMA Assessment (Night),An evening questionnaire,radio,,Where are you right now?,"1, In my home | 2, in home of relative or friend | 3, at work or in class | 4, in a restaurant/café/bar | 5, in a store or shop | 6, in the gym or fitness center | 7, in a hospital or doctor’s office | 8, in a vehicle (car/bus…) | 9, in a public building | 10, in a park or garden | 11, other place inside | 12, other place outside",,,,all_day_questions
Context3,Context:,evening_set,EMA Assessment (Night),An evening questionnaire,radio,1,Which places have you been since the last assessment?,"1, In my home | 2, in home of relative or friend | 3, at work or in class | 4, in a restaurant/café/bar | 5, in a store or shop | 6, in the gym or fitness center | 7, in a hospital or doctor’s office | 8, in a vehicle (car/bus…) | 9, in a public building | 10, in a park or garden | 11, other place inside | 12, other place outside",,,,all_day_questions
Context4,Context:,evening_set,EMA Assessment (Night),An evening questionnaire,radio,1,Who is with you at this moment?,"1, no one | 2, family member | 3, partner/boyfriend/girlfriend | 4, friend | 5, colleague or classmate | 6, stranger | 7, a pet | 8, other",,,,all_day_questions
Context5,Context:,evening_set,EMA Assessment (Night),An evening questionnaire,radio,1,Who have you been with since the last assessment?,"1, no one | 2, family member | 3, partner/boyfriend/girlfriend | 4, friend | 5, colleague or classmate | 6, stranger | 7, a pet | 8, other",,,,all_day_questions
Context6,Context:,evening_set,EMA Assessment (Night),An evening questionnaire,radio,,What are you doing at this moment?,"1, nothing or waiting | 2, napping/resting | 3, eating | 4, household chores | 5, working (paid or volunteer) | 6, homework | 7, shopping | 8, personal hygiene care | 9, physical leisure or sports | 10, personal exercise | 11, walking the dog | 12, traveling or commuting | 13, watching tv | 14, reading | 15, listening to music | 16, using a computer/electronic device | 17, talking on the phone | 18, talking in person | 19, texting by phone | 20, other nonphysical leisure | 21, other activity",,,,all_day_questions
Context7,Context:,evening_set,EMA Assessment (Night),An evening questionnaire,radio,1,Which of these activities have you done since the last assessment?,"1, nothing or waiting | 2, napping/resting | 3, eating | 4, household chores | 5, working (paid or volunteer) | 6, homework | 7, shopping | 8, personal hygiene care | 9, physical leisure or sports | 10, personal exercise | 11, walking the dog | 12, traveling or commuting | 13, watching tv | 14, reading | 15, listening to music | 16, using a computer/electronic device | 17, talking on the phone | 18, talking in person | 19, texting by phone | 20, other nonphysical leisure | 21, other activity",,,,all_day_questions
Mood1,Mood:,evening_set,EMA Assessment (Night),An evening questionnaire,slider,,How happy versus sad do you feel right now?,"1, 1 | 2, 2 | 3, 3 | 4, 4 | 5, 5 | 6, 6 | 7, 7",very/sad/depressed/unhappy,very cheerful/happy,,all_day_questions
Mood2,Mood:,evening_set,EMA Assessment (Night),An evening questionnaire,slider,,How happy do you feel right now?,"1, 1 | 2, 2 | 3, 3 | 4, 4 | 5, 5 | 6, 6 | 7, 7",no emotion,very cheerful/happy,,all_day_questions
Mood3,Mood:,evening_set,EMA Assessment (Night),An evening questionnaire,slider,,How sad do you feel right now?,"1, 1 | 2, 2 | 3, 3 | 4, 4 | 5, 5 | 6, 6 | 7, 7",no emotion,very sad/depressed/unhappy,,all_day_questions
Mood4,Mood:,evening_set,EMA Assessment (Night),An evening questionnaire,slider,,How relaxed versus anxious do you feel right now?,"1, 1 | 2, 2 | 3, 3 | 4, 4 | 5, 5 | 6, 6 | 7, 7",very relaxed/calm,very nervous/anxious,,all_day_questions
Mood5,Mood:,evening_set,EMA Assessment (Night),An evening questionnaire,slider,,How calm vs. excited do you feel right now?,"1, 1 | 2, 2 | 3, 3 | 4, 4 | 5, 5 | 6, 6 | 7, 7",calm/quiet,very excited/aroused,,all_day_questions
Mood6,Mood:,evening_set,EMA Assessment (Night),An evening questionnaire,slider,,How tired vs. energetic do you feel right now?,"1, 1 | 2, 2 | 3, 3 | 4, 4 | 5, 5 | 6, 6 | 7, 7",very tired/sluggish,very energetic/lively,,all_day_questions
Mood7,Mood:,evening_set,EMA Assessment (Night),An evening questionnaire,slider,,How well can you concentrate or focus right now?,"1, 1 | 2, 2 | 3, 3 | 4, 4 | 5, 5 | 6, 6 | 7, 7",very focused/attentive,very unfocused/distracted,,all_day_questions
Mood8,Mood:,evening_set,EMA Assessment (Night),An evening questionnaire,slider,,How irritable or easily angered do you feel right now?,"1, 1 | 2, 2 | 3, 3 | 4, 4 | 5, 5 | 6, 6 | 7, 7",not at all irritable/angry,very irritable/angry,,all_day_questions
Mood9,Mood:,evening_set,EMA Assessment (Night),An evening questionnaire,slider,,Do you feel worried right now?,"1, 1 | 2, 2 | 3, 3 | 4, 4 | 5, 5 | 6, 6 | 7, 7",not at all worried,very worried,,all_day_questions
Mood10,Mood:,evening_set,EMA Assessment (Night),An evening questionnaire,slider,,Do you feel guilty right now?,"1, 1 | 2, 2 | 3, 3 | 4, 4 | 5, 5 | 6, 6 | 7, 7",not at all guilty,very guilty,,all_day_questions
Mood11,Mood:,evening_set,EMA Assessment (Night),An evening questionnaire,slider,,How well can you make decisions right now?,"1, 1 | 2, 2 | 3, 3 | 4, 4 | 5, 5 | 6, 6 | 7, 7",not at all/very indecisive,very well/very decisve,,all_day_questions
Mood12,Mood:,evening_set,EMA Assessment (Night),An evening questionnaire,slider,,How quick is your thinking?,"1, 1 | 2, 2 | 3, 3 | 4, 4 | 5, 5 | 6, 6 | 7, 7",slow/cannot think of things,very quick/lots of ideas,,all_day_questions
Mood13,Mood:,evening_set,EMA Assessment (Night),An evening questionnaire,slider,,How much are you able to enjoy and feel pleasure in things?,"1, 1 | 2, 2 | 3, 3 | 4, 4 | 5, 5 | 6, 6 | 7, 7",no pleasure or enjoyment,really enjoying things,,all_day_questions
Mood14,Mood:,evening_set,EMA Assessment (Night),An evening questionnaire,slider,,How fidgety or restless do you feel right now compared to your usual self?,"1, 1 | 2, 2 | 3, 3 | 4, 4 | 5, 5 | 6, 6 | 7, 7",not at all restless,very restless/fidgety/cannot sit still,,all_day_questions
Mood15,Mood:,evening_set,EMA Assessment (Night),An evening questionnaire,slider,,How hungry do you feel right now?,"1, 1 | 2, 2 | 3, 3 | 4, 4 | 5, 5 | 6, 6 | 7, 7",not at all hungry/full,extremely hungry,,all_day_questions
Mood16,Mood:,evening_set,EMA Assessment (Night),An evening questionnaire,slider,,How sleepy do you feel right now?,"1, 1 | 2, 2 | 3, 3 | 4, 4 | 5, 5 | 6, 6 | 7, 7",not at all sleepy,very sleepy,,all_day_questions
Thoughts1,Thoughts:,evening_set,EMA Assessment (Night),An evening questionnaire,slider,,"To what extent are you having positive thoughts, thinking about nice experiences or things that make you feel good?","1, 1 | 2, 2 | 3, 3 | 4, 4 | 5, 5 | 6, 6 | 7, 7",not at all,very frequently,,all_day_questions
Thoughts2,Thoughts:,evening_set,EMA Assessment (Night),An evening questionnaire,slider,,"To what extent are you having negative thoughts, thinking about unpleasant experiences or things that make you feel bad?","1, 1 | 2, 2 | 3, 3 | 4, 4 | 5, 5 | 6, 6 | 7, 7",not at all,very frequently,,all_day_questions
Thoughts2a,Thoughts:,evening_set,EMA Assessment (Night),An evening questionnaire,radio,1,Were these thoughts about:,"1, things you did that you regret | 2, things that happened to you or to others | 3, worries that you have | 4, other negative thoughts",,,[Thoughts2] > 1,all_day_questions
Thoughts2b,Thoughts:,evening_set,EMA Assessment (Night),An evening questionnaire,slider,,How severe or disturbing would you say these thoughts were?,"1, 1 | 2, 2 | 3, 3 | 4, 4 | 5, 5 | 6, 6 | 7, 7",not at all severe or disturbing,very severe or disturbing,[Thoughts2] > 1,all_day_questions
Activity1,Activity:,evening_set,EMA Assessment (Night),An evening questionnaire,radio,,"Since the last assessment, did you have a nap or rest?","0, No | 1, Yes",,,,all_day_questions
Activity1a,Activity:,evening_set,EMA Assessment (Night),An evening questionnaire,dropdown,,About how long was your nap or rest?,"1, 15 min | 2, 30 min | 3, 45 min | 4, 1 hr | 5, 1 hr 30 min | 6, 2 hrs or more",,,[Activity1] = 1,all_day_questions
Activity1b,Activity:,evening_set,EMA Assessment (Night),An evening questionnaire,radio,,Did you actually fall asleep during the nap or rest?,"0, No | 1, Yes",,,[Activity1] = 1,all_day_questions
Activity2,Activity:,evening_set,EMA Assessment (Night),An evening questionnaire,radio,1,Please select the level of activities you did since the last questionnaire.,"1, vigorous activities (e.g. running/ fast cycling/ heavy lifting or digging ) | 2, moderate activities (e.g. tennis/bicycling, carrying light loads)  | 3, light activities (e.g. walking/climbing stairs/routine household chores)",,,,all_day_questions
Activity2a,Activity:,evening_set,EMA Assessment (Night),An evening questionnaire,dropdown,,"Since the last questionnaire, how many minutes did you do vigorous activities including intensive sports or exercise (such as running or fast cycling) or intensive physical work (such as heavy lifting or digging)?","1, 5 | 2, 10 | 3, 20 | 4, 30 | 5, 40 | 6, 50 | 7, 60 or more",,,[Activity2] = 1,all_day_questions
Activity2b,Activity:,evening_set,EMA Assessment (Night),An evening questionnaire,radio,,Was this vigorous activity (or activities) part of a planned workout or exercise routine?,"0, No | 1, Yes",,,[Activity2] = 1,all_day_questions
Activity2c,Activity:,evening_set,EMA Assessment (Night),An evening questionnaire,dropdown,,"Since the last questionnaire, how many minutes did you do moderate activities (activities that make you breathe somewhat harder than usual such as playing tennis, bicycling, carrying light loads)","1, 5 | 2, 10 | 3, 20 | 4, 30 | 5, 40 | 6, 50 | 7, 60 or more",,,[Activity2] = 2,all_day_questions
Activity2d,Activity:,evening_set,EMA Assessment (Night),An evening questionnaire,radio,,Was this moderate activity (or activities) part of a planned workout or exercise routine?,"0, No | 1, Yes",,,[Activity2] = 2,all_day_questions
Activity2e,Activity:,evening_set,EMA Assessment (Night),An evening questionnaire,dropdown,,"Since the last questionnaire, how many minutes did you do light activities (activities that may not make you breathe somewhat harder than usual such as walking, climbing stairs, routine household chores, etc.)","1, 5 | 2, 10 | 3, 20 | 4, 30 | 5, 40 | 6, 50 | 7, 60 or more",,,[Activity2] = 3,all_day_questions
Activity2f,Activity:,evening_set,EMA Assessment (Night),An evening questionnaire,radio,,Was this light activity (or activities) part of a planned workout or exercise routine?,"0, No | 1, Yes",,,[Activity2] = 3,all_day_questions
Intake1,Food and Drink:,evening_set,EMA Assessment (Night),An evening questionnaire,radio,1,"Since the last questionnaire, did you drink:","1, water | 2 , milk | 3,  a caffeinated beverage (like coffee/tea/soda...) | 4, an alcoholic beverage (wine/beer/liquor…) | 5, a beverage containing sugar like juice or caffeine free soda | 6, another type of drink | 7, none",,,,all_day_questions
Intake1a,Food and Drink:,evening_set,EMA Assessment (Night),An evening questionnaire,dropdown,,How many 8 oz glasses of water did you consume?,"1, 1 | 2, 2 | 3, 3 | 4, 4 | 5, 5",,,[Intake1] = 1,all_day_questions
Intake1b,Food and Drink:,evening_set,EMA Assessment (Night),An evening questionnaire,dropdown,,How many 8 oz glasses of milk did you consume?,"1, 1 | 2, 2 | 3, 3 | 4, 4 | 5, 5",,,[Intake1] = 2,all_day_questions
Intake1c,Food and Drink:,evening_set,EMA Assessment (Night),An evening questionnaire,radio,1,What type of caffeinated beverage did you consume?,"1, soda (coke/pepsi/other caffeinated soda) | 2, energy drink | 3, coffee | 4, tea | 5, other",,,[Intake1] = 3,all_day_questions
Intake1d,Food and Drink:,evening_set,EMA Assessment (Night),An evening questionnaire,dropdown,,How many 8 oz glasses of caffeinated drinks did you consume?,"1, 1 | 2, 2 | 3, 3 | 4, 4 | 5, 5",,,[Intake1] = 3,all_day_questions
Intake1e,Food and Drink:,evening_set,EMA Assessment (Night),An evening questionnaire,radio,1,What type of alcoholic beverage did you consume?,"1, red wine | 2, white wine | 3, champagne/sparkling wine | 4, beer | 5, cocktail | 6, whisky or other strong alcohol | 7, other type of alcoholic drink",,,[Intake1] = 4,all_day_questions
Intake1f,Food and Drink:,evening_set,EMA Assessment (Night),An evening questionnaire,dropdown,,How many servings of alcohol did you consume?,"1, 1 | 2, 2 | 3, 3 | 4, 4 | 5, 5",,,[Intake1] = 4,all_day_questions
Intake1g,Food and Drink:,evening_set,EMA Assessment (Night),An evening questionnaire,dropdown,,"How many 8 oz glasses of high-sugar drinks (e.g., juice, soda, some coffee beverages) did you consume?","1, 1 | 2, 2 | 3, 3 | 4, 4 | 5, 5",,,[Intake1] = 5,all_day_questions
Intake2,Food and Drink:,evening_set,EMA Assessment (Night),An evening questionnaire,radio,1,"Since the last questionnaire, which of the following did you have?","1, snacks (e.g. candy bar/cookie/small bag of chips) | 2, small meals | 3, regular/full meals | 4, large meals | 5, none",,,,all_day_questions
Intake2a,Food and Drink:,evening_set,EMA Assessment (Night),An evening questionnaire,dropdown,,How many snacks (e.g. candy bar/cookie/small bag of chips) did you have?,"1, 1 | 2, 2 | 3, 3 | 4, 4 | 5, 5 | 6, 6 | 7, 7 | 8, 8 | 9, 9 | 10, 10 | 11, more than 10",,,[Intake2] = 1,all_day_questions
Intake2b,Food and Drink:,evening_set,EMA Assessment (Night),An evening questionnaire,dropdown,,How many small meals did you have?,"1, 1 | 2, 2 | 3, 3 | 4, 4 | 5, 5 | more than 5, more than 5",,,[Intake2] = 2,all_day_questions
Intake2c,Food and Drink:,evening_set,EMA Assessment (Night),An evening questionnaire,dropdown,,How many regular/full meals did you have?,"1, 1 | 2, 2 | 3, 3 | 4, more than 3",,,[Intake2] = 3,all_day_questions
Intake2d,Food and Drink:,evening_set,EMA Assessment (Night),An evening questionnaire,dropdown,,How many large meals did you have?,"1, 1 | 2, 2 | 3, more than 2",,,[Intake2] = 4,all_day_questions
Intake2e,Food and Drink:,evening_set,EMA Assessment (Night),An evening questionnaire,dropdown,,For how long did you eat?,"1, 5 min | 2, 10 min | 3, 15 min | 4, 30 min | 5, 45 min | 6, 1 hr | 7, 1 hr 30 min | 8, 2 hrs or more",,,[Intake2].includes(1) or [Intake2].includes(2) or [Intake2].includes(3) or [Intake2].includes(4),all_day_questions
Intake2f,Food and Drink:,evening_set,EMA Assessment (Night),An evening questionnaire,radio,1,Please think about all the foods you ate since the last questionnaire. Please select all types of food you ate,"1, beef/pork/lamb | 2, chicken or other poultry | 3, eggs | 4, fish | 5, dairy (yogurt/milk/cheese) | 6, bread/pasta/cereal/other starchy food | 7, fruits | 8, vegetables | 9, sweet foods or candy | 10, energy bars | 11, potato chips or other salty snacks",,,[Intake2].includes(1) or [Intake2].includes(2) or [Intake2].includes(3) or [Intake2].includes(4),all_day_questions
Intake2fa,Food and Drink:,evening_set,EMA Assessment (Night),An evening questionnaire,radio,,Did you eat chocolate?,"0, No | 1, Yes",,,[Intake2f] = 9,all_day_questions
Intake3,Food and Drink:,evening_set,EMA Assessment (Night),An evening questionnaire,radio,1,"Since the last questionnaire, which of the following did you  use?","1, cigarettes | 2, cannabis/pot | 3, other drug | 4, none",,,,all_day_questions
Intake3a,Food and Drink:,evening_set,EMA Assessment (Night),An evening questionnaire,dropdown,,How many cigarettes did you have?,"1, 1 | 2, 2 | 3, 3 | 4, 4 | 5, 5 | 6, 6 | 7, 7 | 8, 8 | 9, 9 | 10, 10 | 15, 15 | 20, 20",,,[Intake3] = 1,all_day_questions
Intake3b,Food and Drink:,evening_set,EMA Assessment (Night),An evening questionnaire,dropdown,,How many joints did you have?,"1, 1 | 2, 2 | 3, 3 | 4, 4 | 5, 5 | 6, 6 | 7, 7 | 8, 8 | 9, 9 | 10, 10 | 15, 15 | 20, 20",,,[Intake3] = 2,all_day_questions
Intake3c,Food and Drink:,evening_set,EMA Assessment (Night),An evening questionnaire,dropdown,,What other drug did you use?,"1, cocaine | 2, tranquilizers | 3, stimulants | 4, heroin or other opiate | 5, other drug",,,[Intake3] = 3,all_day_questions
Event0,Events:,evening_set,EMA Assessment (Night),An evening questionnaire,radio,,"Since the last assessment, please think of the ONE event that affected you the most (positively or negatively), no matter how slightly.","1, okay",,,,all_day_questions
Event1,Events:,evening_set,EMA Assessment (Night),An evening questionnaire,radio,,Which of the following categories best describes the area of your life in which the event occurred?,"1, work | 2, education | 3, family or friend relationships | 4, interactions with colleagues | 5, interactions with strangers | 6, housing or residence | 7, leisure | 8, exercise | 9, health | 10, finances | 11, religion or spirituality | 12, legal or judicial | 13, traveling or commuting | 14, other",,,,all_day_questions
Event2,Events:,evening_set,EMA Assessment (Night),An evening questionnaire,slider,,To what degree did this event have a positive impact on you?,"1, 1 | 2, 2 | 3, 3 | 4, 4 | 5, 5 | 6, 6 | 7, 7",no positive impact,extremely positive,,all_day_questions
Event3,Events:,evening_set,EMA Assessment (Night),An evening questionnaire,slider,,To what degree did this event have a negative impact on you?,"1, 1 | 2, 2 | 3, 3 | 4, 4 | 5, 5 | 6, 6 | 7, 7",no negative impact,extremely negative,,all_day_questions
Event4,Events:,evening_set,EMA Assessment (Night),An evening questionnaire,radio,,Did more than one event occur that significantly influenced you?,"0, No | 1, Yes",,,,all_day_questions
Event4a,Events:,evening_set,EMA Assessment (Night),An evening questionnaire,slider,,To what degree did this other event have a positive impact on you?,"1, 1 | 2, 2 | 3, 3 | 4, 4 | 5, 5 | 6, 6 | 7, 7",no positive impact,extremely positive,[Event4] = 1,all_day_questions
Event4b,Events:,evening_set,EMA Assessment (Night),An evening questionnaire,slider,,To what degree did this other event have a negative impact on you?,"1, 1 | 2, 2 | 3, 3 | 4, 4 | 5, 5 | 6, 6 | 7, 7",no negative impact,extremely negative,[Event4] = 1,all_day_questions
Pain1,Physical Pain:,evening_set,EMA Assessment (Night),An evening questionnaire,radio,,Are you having pain right now?,"0, No | 1, Yes",,,,all_day_questions
Pain1a,Physical Pain:,evening_set,EMA Assessment (Night),An evening questionnaire,radio,1,Where are you having pain?,"1, headache | 2, joint/muscle | 3, back or neck | 4, stomach/bowel | 5, other",,,[Pain1] = 1,all_day_questions
Pain1b,Physical Pain:,evening_set,EMA Assessment (Night),An evening questionnaire,slider,,How severe is your pain right now?,"1, 1 | 2, 2 | 3, 3 | 4, 4 | 5, 5 | 6, 6 | 7, 7",very minor pain,extreme pain,[Pain1] = 1,all_day_questions
Pain2,Physical Pain:,evening_set,EMA Assessment (Night),An evening questionnaire,radio,,Have you experienced any pain since the last questionnaire?,"0, No | 1, Yes",,,,all_day_questions
Pain2a,Physical Pain:,evening_set,EMA Assessment (Night),An evening questionnaire,radio,1,Where did this pain occur,"1, headache | 2, joint/muscle | 3, back or neck | 4, stomach/bowel | 5, other",,,[Pain2] = 1,all_day_questions
Pain2b,Physical Pain:,evening_set,EMA Assessment (Night),An evening questionnaire,slider,,How severe was the pain you experienced since the last questionnaire,"1, 1 | 2, 2 | 3, 3 | 4, 4 | 5, 5 | 6, 6 | 7, 7",very minor pain,extreme pain,[Pain2] = 1,all_day_questions
Headache1,Headache:,evening_set,EMA Assessment (Night),An evening questionnaire,radio,,Are you currently experiencing a headache?,"0, No | 1, Yes",,,,all_day_questions
Headache1a,Headache:,evening_set,EMA Assessment (Night),An evening questionnaire,radio,,Is this the same headache that you reported for last assessment?,"0, No | 1, Yes",,,[Headache1] = 1,all_day_questions
Headache2,Headache:,evening_set,EMA Assessment (Night),An evening questionnaire,radio,,Have you experienced a headache since the last questionnaire?,"0, No | 1, Yes",,,,all_day_questions
Headache2a,Headache:,evening_set,EMA Assessment (Night),An evening questionnaire,radio,1,"Since the last questionnaire, did you do any of the following to prevent a headache?","1, take prescribed medication | 2, take over-the-counter medication | 3, reduce or change activities | 4, use relaxation/yoga/other techniques | 5, rest or take a nap | 6, other prevention strategy",,,[Headache2] = 0,all_day_questions
Headache2b,Headache:,evening_set,EMA Assessment (Night),An evening questionnaire,timeRange,,What time did the headache begin and end?,,,,[Headache2] = 1,all_day_questions
Headache2d,Headache:,evening_set,EMA Assessment (Night),An evening questionnaire,slider,,How intense is (or was) the headache?,"1, 1 | 2, 2 | 3, 3 | 4, 4 | 5, 5 | 6, 6 | 7, 7",very minor,extremely intense,[Headache2] = 1,all_day_questions
Headache2e,Headache:,evening_set,EMA Assessment (Night),An evening questionnaire,radio,,Did the headache come on suddenly?,"0, No | 1, Yes",,,[Headache2] = 1,all_day_questions
Headache2f,Headache:,evening_set,EMA Assessment (Night),An evening questionnaire,radio,,Did something in particular trigger the headache?,"0, No | 1, Yes",,,[Headache2] = 1,all_day_questions
Headache2fa,Headache:,evening_set,EMA Assessment (Night),An evening questionnaire,radio,1,What do you think triggered the headache?,"1, bright light | 2, odor/smell | 3, noise | 4, food | 5, alcoholic drink | 6, non-alcoholic beverage | 7, hunger | 8, thirst/dehydration | 9, pain | 10, exercise  | 11, stress | 12, other | 13, unknown",,,[Headache2] = 1,all_day_questions
Headache2g,Headache:,evening_set,EMA Assessment (Night),An evening questionnaire,radio,,Where is (or was) the headache?,"1, both sides of your head | 2, left side only |3, right side only | 4, moved from one side to another",,,[Headache2] = 1,all_day_questions
Headache2h,Headache:,evening_set,EMA Assessment (Night),An evening questionnaire,radio,,"Is (or was) the pain throbbing, beating or pulsating?","0, No | 1, Yes",,,[Headache2] = 1,all_day_questions
Headache2i,Headache:,evening_set,EMA Assessment (Night),An evening questionnaire,radio,,Does (or did) the headache pain increase with routine physical activity such as bending over or climbing stairs?,"0, No | 1, Yes",,,[Headache2] = 1,all_day_questions
Headache2j,Headache:,evening_set,EMA Assessment (Night),An evening questionnaire,radio,,"Do (or did) you feel nauseated, vomit or have diarrhea?","1, not at all | 2, mildly | 3, moderately | 4, severely",,,[Headache2] = 1,all_day_questions
Headache2k,Headache:,evening_set,EMA Assessment (Night),An evening questionnaire,radio,,How much does (or did) light bother you?,"1, not at all | 2, mildly | 3, moderately | 4, severely",,,[Headache2] = 1,all_day_questions
Headache2l,Headache:,evening_set,EMA Assessment (Night),An evening questionnaire,radio,,"How much does (or did) noise such as music, talking, TV, bother you?","1, not at all | 2, mildly | 3, moderately | 4, severely",,,[Headache2] = 1,all_day_questions
Headache2m,Headache:,evening_set,EMA Assessment (Night),An evening questionnaire,radio,,"How much does (or did) certain odors such as perfume, food, smoke, bother you?","1, not at all | 2, mildly | 3, moderately | 4, severely",,,[Headache2] = 1,all_day_questions
Headache2n,Headache:,evening_set,EMA Assessment (Night),An evening questionnaire,radio,1,Which (if any) of the following vision changes did you experience?,"1, no vision changes | 2, blurred or distorted vision | 3, flashing lights/shapes | 4, blind spots or missing parts",,,[Headache2] = 1,all_day_questions
Headache2na,Headache:,evening_set,EMA Assessment (Night),An evening questionnaire,radio,,When did those vision changes occur with respect to the onset of the headache pain?,"1, before headache pain | 2, after headache pain",,,[Headache2n].includes(2) or [Headache2n].includes(3) or [Headache2n].includes(4),all_day_questions
Headache2o,Headache:,evening_set,EMA Assessment (Night),An evening questionnaire,radio,,Is (or was) your headache accompanied by any numbing or tingling in certain body areas?,"0, No | 1, Yes",,,[Headache2] = 1,all_day_questions
Headache2oa,Headache:,evening_set,EMA Assessment (Night),An evening questionnaire,radio,,When did this numbing or tingling occur with respect to onset of the headache pain?,"1, before headache pain | 2, after headache pain",,,[Headache2o] = 1,all_day_questions
Headache2p,Headache:,evening_set,EMA Assessment (Night),An evening questionnaire,radio,,"Does (or did) the headache make it difficult to speak, think or express yourself?","0, No | 1, Yes",,,[Headache2] = 1,all_day_questions
Headache2pa,Headache:,evening_set,EMA Assessment (Night),An evening questionnaire,radio,,When did this difficulty occur with respect to the onset of the headache?,"1, before headache pain | 2, after headache pain",,,[Headache2p] = 1,all_day_questions
Headache2q,Headache:,evening_set,EMA Assessment (Night),An evening questionnaire,radio,1,Which (if any) did you take to treat your headache?,"1, no medications | 2, over-the-counter medications | 3, prescription medications",,,[Headache2] = 1,all_day_questions
Headache2r,Headache:,evening_set,EMA Assessment (Night),An evening questionnaire,radio,,How much does (or did) the headache interfere with your activities?,"1, not at all | 2, mildly | 3, moderately | 4, severely",,,[Headache2] = 1,all_day_questions
Daily1,Daily Health:,evening_set,EMA Assessment (Night),An evening questionnaire,slider,,How stressful was your day overall?,"1, 1 | 2, 2 | 3, 3 | 4, 4 | 5, 5 | 6, 6 | 7, 7",no stress experienced,extreme stress experienced,,evening_questions
Daily2,Daily Health:,evening_set,EMA Assessment (Night),An evening questionnaire,radio,1,What areas were stressful for you today?,"1, none | 2, physical health | 3, education or work |4, financial matters | 5, relationship with friends | 6, relationships with family |7, relationships with spouse/partner | 8, interaction with strangers | 9, other",,,,evening_questions
Daily3,Daily Health:,evening_set,EMA Assessment (Night),An evening questionnaire,radio,,Was today a relatively typical day for you in terms of routines/stress?,"0, No | 1, Yes",,,,evening_questions
Daily4,Daily Health:,evening_set,EMA Assessment (Night),An evening questionnaire,slider,,How was your physical health today?,"1, 1 | 2, 2 | 3, 3 | 4, 4 | 5, 5 | 6, 6 | 7, 7",very poor,very good/excellent,,evening_questions
Daily5,Daily Health:,evening_set,EMA Assessment (Night),An evening questionnaire,radio,,Did you take any over-the-counter medications today?,"0, No | 1, Yes",,,,evening_questions
Daily6,Daily Health:,evening_set,EMA Assessment (Night),An evening questionnaire,radio,1,Did you take them for:,"1, pain (headache/muscle/joint pain etc.) | 2, allergies/cold | 3, fever/acute illness | 4, headache | 5, sleep problems | 6, other",,,,evening_questions
Daily7,Daily Health:,evening_set,EMA Assessment (Night),An evening questionnaire,radio,,Did you take any prescription medications today?,"0, No | 1, Yes",,,,evening_questions
Daily8,Daily Health:,evening_set,EMA Assessment (Night),An evening questionnaire,radio,1,For which of the following conditions?,"1, birth control | 2, heart/blood pressure/cholesterol | 3, thyroid/metabolic | 4, sleep | 5, anxiety/depression | 6, attention/hyperactivity  | 7, asthma/allergies/breathing problems | 8, arthritis/joint/back pain | 9, headache | 10, other",,,,evening_questions
Daily9,Daily Health:,evening_set,EMA Assessment (Night),An evening questionnaire,radio,,FEMALES (ages 12-50) Are you currently having your menstrual period?,"0, No | 1, Yes",,,,evening_questions
Daily10,Daily Health:,evening_set,EMA Assessment (Night),An evening questionnaire,radio,,"Did you feel like you had no physical energy, as if you were weighted down or had a heavy feeling in your arms or legs for most of the day?","0, No | 1, Yes",,,,evening_questions
Daily11,Daily Health:,evening_set,EMA Assessment (Night),An evening questionnaire,radio,,"Do you have a cold, cough, or flu today?","0, No | 1, Yes",,,,evening_questions
Daily12,Daily Health:,evening_set,EMA Assessment (Night),An evening questionnaire,radio,1,Did you have any of the following problems today?,"1, allergies | 2, asthma or respiratory difficulties | 3, gastrointestinal/nausea/vomiting/bowel or stomach problems | 4, muscle/joint pain | 5, heart racing or pounding | 6, headache | 7, diziness/feeling light-headed or faint | 8, hit or hurt your head",,,,evening_questions
Daily12a,Daily Health:,evening_set,EMA Assessment (Night),An evening questionnaire,radio,,How much did your allergies bother you today?,"1, not at all | 2, mildly | 3, moderately | 4, severely",,,[Daily12] = 1,evening_questions
Daily12b,Daily Health:,evening_set,EMA Assessment (Night),An evening questionnaire,radio,,How much did your asthma or respiratory difficulties bother you today?,"1, not at all | 2, mildly | 3, moderately | 4, severely",,,[Daily12] = 2,evening_questions
Daily12c,Daily Health:,evening_set,EMA Assessment (Night),An evening questionnaire,radio,1,Which (if any) of the following gastro-intestinal/stomach symptoms did you have today?,"1, pain in your abdomen | 2, diarrhea | 3, nausea | 4, vomiting | 5, other",,,[Daily12] = 3,evening_questions
Daily12d,Daily Health:,evening_set,EMA Assessment (Night),An evening questionnaire,radio,,How much did this (or these) gastro-intestinal/stomach symptom(s) bother you today?,"1, not at all | 2, mildly | 3, moderately | 4, severely",,,[Daily12] = 3,evening_questions
Daily12e,Daily Health:,evening_set,EMA Assessment (Night),An evening questionnaire,radio,,How much did your muscle/joint pain bother you today?,"1, not at all | 2, mildly | 3, moderately | 4, severely",,,[Daily12] = 4,evening_questions
Daily12f,Daily Health:,evening_set,EMA Assessment (Night),An evening questionnaire,radio,,How much did your heart racing or pounding bother you today?,"1, not at all | 2, mildly | 3, moderately | 4, severely",,,[Daily12] = 5,evening_questions
Daily12g,Daily Health:,evening_set,EMA Assessment (Night),An evening questionnaire,radio,,"Did these feelings occur in a particular situation (in a bus, in hot weather, or other condition?)","0, No | 1, Yes",,,[Daily12] = 7,evening_questions
Daily12h,Daily Health:,evening_set,EMA Assessment (Night),An evening questionnaire,radio,,Did you actually faint today?,"0, No | 1, Yes",,,[Daily12] = 7,evening_questions
Daily12i,Daily Health:,evening_set,EMA Assessment (Night),An evening questionnaire,dropdown,,"If you reported a headache present at any assessment today, how many hours did the headache(s) last in total?","1, 1 | 2, 2 | 3, 3 | 4, 4 | 5, 5 | 6, 6 | 7, 7 | 8, 8 | 9, 9 | 10, 10 | 11, 11 | 12, 12 | 13, 13 | 14, 14 | 15, 15 | 16, 16 | 17, 17 | 18, 18 | 19, 19 | 20, 20 | 21, 21 | 22, 22 | 23, 23 | 24, 24",,,[Daily12] = 6,evening_questions
Internet_ev1,Internet & Social Media:,evening_set,EMA Assessment (Night),An evening questionnaire,dropdown,,How many hours did you spend on the internet today?,"1, less than 1 hour | 2, 1-2 hours | 3, 2-3 hours | 4, 3-4 hours | 5, more than 4 hours | 6, I was not on the internet today",,,,evening_questions
Internet_ev2,Internet & Social Media:,evening_set,EMA Assessment (Night),An evening questionnaire,radio,1,What did you use the internet for today?,"1, chat rooms | 2, blogs | 3, music (Spotify/iTunes) | 4, news | 5, direct messenger | 6, gaming | 7, shopping | 8, social networking | 9, web browsing | 10, internet TV (Hulu/Netflex)",,,,evening_questions
Internet_ev3,Internet & Social Media:,evening_set,EMA Assessment (Night),An evening questionnaire,radio,1,Where did you use the internet?,"1, home | 2, school | 3, coffee shop or café | 4, library | 5, friend or family's house",,,,evening_questions
Internet_ev4,Internet & Social Media:,evening_set,EMA Assessment (Night),An evening questionnaire,dropdown,,What is the main way you communicated with your friends today?,"1, voice call | 2, video call | 3, text message | 4, email | 5, instant messenger | 6, skype | 7, social media | 8, gaming site | 9, chat room",,,,evening_questions
Internet_ev5,Internet & Social Media:,evening_set,EMA Assessment (Night),An evening questionnaire,dropdown,,How many hours did you spend on social media today?,"1, less than 1 hour | 2, 1-2 hours | 3, 2-3 hours | 4, 3-4 hours | 5, more than 4 hours | 6, I was not on social media today",,,,evening_questions